[{"model": "contenttypes.contenttype", "pk": 1, "fields": {"app_label": "admin", "model": "logentry"}}, {"model": "contenttypes.contenttype", "pk": 2, "fields": {"app_label": "auth", "model": "permission"}}, {"model": "contenttypes.contenttype", "pk": 3, "fields": {"app_label": "auth", "model": "group"}}, {"model": "contenttypes.contenttype", "pk": 4, "fields": {"app_label": "contenttypes", "model": "contenttype"}}, {"model": "contenttypes.contenttype", "pk": 5, "fields": {"app_label": "sessions", "model": "session"}}, {"model": "contenttypes.contenttype", "pk": 6, "fields": {"app_label": "userProfile", "model": "userprofile"}}, {"model": "contenttypes.contenttype", "pk": 7, "fields": {"app_label": "userProfile", "model": "otp"}}, {"model": "contenttypes.contenttype", "pk": 8, "fields": {"app_label": "userProfile", "model": "historicaluserprofile"}}, {"model": "contenttypes.contenttype", "pk": 9, "fields": {"app_label": "userProfile", "model": "historicalotp"}}, {"model": "contenttypes.contenttype", "pk": 10, "fields": {"app_label": "userProfile", "model": "historicalblacklistedtoken"}}, {"model": "contenttypes.contenttype", "pk": 11, "fields": {"app_label": "userProfile", "model": "historicaladdress"}}, {"model": "contenttypes.contenttype", "pk": 12, "fields": {"app_label": "userProfile", "model": "blacklistedtoken"}}, {"model": "contenttypes.contenttype", "pk": 13, "fields": {"app_label": "userProfile", "model": "address"}}, {"model": "contenttypes.contenttype", "pk": 14, "fields": {"app_label": "order", "model": "historicalorder"}}, {"model": "contenttypes.contenttype", "pk": 15, "fields": {"app_label": "order", "model": "historicalorderproduct"}}, {"model": "contenttypes.contenttype", "pk": 16, "fields": {"app_label": "order", "model": "historicalvat"}}, {"model": "contenttypes.contenttype", "pk": 17, "fields": {"app_label": "order", "model": "order"}}, {"model": "contenttypes.contenttype", "pk": 18, "fields": {"app_label": "order", "model": "orderproduct"}}, {"model": "contenttypes.contenttype", "pk": 19, "fields": {"app_label": "order", "model": "vat"}}, {"model": "contenttypes.contenttype", "pk": 20, "fields": {"app_label": "producer", "model": "bulkorder"}}, {"model": "contenttypes.contenttype", "pk": 21, "fields": {"app_label": "producer", "model": "bulkorderproducts"}}, {"model": "contenttypes.contenttype", "pk": 22, "fields": {"app_label": "producer", "model": "bulkorderreqconnector"}}, {"model": "contenttypes.contenttype", "pk": 23, "fields": {"app_label": "producer", "model": "businesstype"}}, {"model": "contenttypes.contenttype", "pk": 24, "fields": {"app_label": "producer", "model": "historicalbusinesstype"}}, {"model": "contenttypes.contenttype", "pk": 25, "fields": {"app_label": "producer", "model": "historicalproducerbulkrequest"}}, {"model": "contenttypes.contenttype", "pk": 26, "fields": {"app_label": "producer", "model": "historicalproducerbusiness"}}, {"model": "contenttypes.contenttype", "pk": 27, "fields": {"app_label": "producer", "model": "historicalproducerfarm"}}, {"model": "contenttypes.contenttype", "pk": 28, "fields": {"app_label": "producer", "model": "microbulkorder"}}, {"model": "contenttypes.contenttype", "pk": 29, "fields": {"app_label": "producer", "model": "microbulkorderproducts"}}, {"model": "contenttypes.contenttype", "pk": 30, "fields": {"app_label": "producer", "model": "producerbulkrequest"}}, {"model": "contenttypes.contenttype", "pk": 31, "fields": {"app_label": "producer", "model": "producerbusiness"}}, {"model": "contenttypes.contenttype", "pk": 32, "fields": {"app_label": "producer", "model": "producerfarm"}}, {"model": "contenttypes.contenttype", "pk": 33, "fields": {"app_label": "retailer", "model": "acceptedorder"}}, {"model": "contenttypes.contenttype", "pk": 34, "fields": {"app_label": "retailer", "model": "account"}}, {"model": "contenttypes.contenttype", "pk": 35, "fields": {"app_label": "retailer", "model": "historicalacceptedorder"}}, {"model": "contenttypes.contenttype", "pk": 36, "fields": {"app_label": "retailer", "model": "historicalaccount"}}, {"model": "contenttypes.contenttype", "pk": 37, "fields": {"app_label": "retailer", "model": "historicalshop"}}, {"model": "contenttypes.contenttype", "pk": 38, "fields": {"app_label": "retailer", "model": "historicalshopproduct"}}, {"model": "contenttypes.contenttype", "pk": 39, "fields": {"app_label": "retailer", "model": "shop"}}, {"model": "contenttypes.contenttype", "pk": 40, "fields": {"app_label": "retailer", "model": "shopproduct"}}, {"model": "contenttypes.contenttype", "pk": 41, "fields": {"app_label": "product", "model": "historicalproduct"}}, {"model": "contenttypes.contenttype", "pk": 42, "fields": {"app_label": "product", "model": "historicalproductcategory"}}, {"model": "contenttypes.contenttype", "pk": 43, "fields": {"app_label": "product", "model": "historicalproductmeta"}}, {"model": "contenttypes.contenttype", "pk": 44, "fields": {"app_label": "product", "model": "historicalshopcategory"}}, {"model": "contenttypes.contenttype", "pk": 45, "fields": {"app_label": "product", "model": "product"}}, {"model": "contenttypes.contenttype", "pk": 46, "fields": {"app_label": "product", "model": "productcategory"}}, {"model": "contenttypes.contenttype", "pk": 47, "fields": {"app_label": "product", "model": "productmeta"}}, {"model": "contenttypes.contenttype", "pk": 48, "fields": {"app_label": "product", "model": "shopcategory"}}, {"model": "contenttypes.contenttype", "pk": 49, "fields": {"app_label": "offer", "model": "historicaloffer"}}, {"model": "contenttypes.contenttype", "pk": 50, "fields": {"app_label": "offer", "model": "historicalofferproduct"}}, {"model": "contenttypes.contenttype", "pk": 51, "fields": {"app_label": "offer", "model": "offer"}}, {"model": "contenttypes.contenttype", "pk": 52, "fields": {"app_label": "offer", "model": "offerproduct"}}, {"model": "contenttypes.contenttype", "pk": 53, "fields": {"app_label": "market", "model": "commissionrate"}}, {"model": "contenttypes.contenttype", "pk": 54, "fields": {"app_label": "market", "model": "kitchenmarket"}}, {"model": "contenttypes.contenttype", "pk": 55, "fields": {"app_label": "market", "model": "wholesellrate"}}, {"model": "contenttypes.contenttype", "pk": 56, "fields": {"app_label": "utility", "model": "citycountry"}}, {"model": "contenttypes.contenttype", "pk": 57, "fields": {"app_label": "utility", "model": "remarks"}}, {"model": "contenttypes.contenttype", "pk": 58, "fields": {"app_label": "utility", "model": "productunit"}}, {"model": "contenttypes.contenttype", "pk": 59, "fields": {"app_label": "utility", "model": "location"}}, {"model": "contenttypes.contenttype", "pk": 60, "fields": {"app_label": "utility", "model": "historicalproductunit"}}, {"model": "contenttypes.contenttype", "pk": 61, "fields": {"app_label": "utility", "model": "historicallocation"}}, {"model": "contenttypes.contenttype", "pk": 62, "fields": {"app_label": "utility", "model": "historicalcitycountry"}}, {"model": "contenttypes.contenttype", "pk": 63, "fields": {"app_label": "utility", "model": "historicalarea"}}, {"model": "contenttypes.contenttype", "pk": 64, "fields": {"app_label": "utility", "model": "area"}}, {"model": "contenttypes.contenttype", "pk": 65, "fields": {"app_label": "due", "model": "historicaluserdues"}}, {"model": "contenttypes.contenttype", "pk": 66, "fields": {"app_label": "due", "model": "userdues"}}, {"model": "contenttypes.contenttype", "pk": 67, "fields": {"app_label": "due", "model": "userdueshistory"}}, {"model": "contenttypes.contenttype", "pk": 68, "fields": {"app_label": "inventory", "model": "historicalshopinventory"}}, {"model": "contenttypes.contenttype", "pk": 69, "fields": {"app_label": "inventory", "model": "shopinventory"}}, {"model": "contenttypes.contenttype", "pk": 70, "fields": {"app_label": "inventory", "model": "shopinventoryhistory"}}, {"model": "contenttypes.contenttype", "pk": 71, "fields": {"app_label": "delivery", "model": "deliverychecklist"}}, {"model": "contenttypes.contenttype", "pk": 72, "fields": {"app_label": "delivery", "model": "deliverychecklistitem"}}, {"model": "contenttypes.contenttype", "pk": 73, "fields": {"app_label": "delivery", "model": "deliverychecklisttemplate"}}, {"model": "contenttypes.contenttype", "pk": 74, "fields": {"app_label": "delivery", "model": "historicaldeliverychecklist"}}, {"model": "contenttypes.contenttype", "pk": 75, "fields": {"app_label": "delivery", "model": "historicaldeliverychecklistitem"}}, {"model": "contenttypes.contenttype", "pk": 76, "fields": {"app_label": "delivery", "model": "historicaldeliverychecklisttemplate"}}, {"model": "sessions.session", "pk": "3v96c0o76juuii1bxg8iwri82wq9sbj5", "fields": {"session_data": "MTQ5OTUxNWYxYmM0MjgwY2UwN2UzYmUzOGU1ZDEzMjAyNGFlZTUxYjp7Il9hdXRoX3VzZXJfaWQiOiIxIiwiX2F1dGhfdXNlcl9iYWNrZW5kIjoiZGphbmdvLmNvbnRyaWIuYXV0aC5iYWNrZW5kcy5Nb2RlbEJhY2tlbmQiLCJfYXV0aF91c2VyX2hhc2giOiJmMjA0MDhmYzU1YjYzM2MxMzBiYzU1YzhjMTAyMjYzYTVkMDdjYTU3In0=", "expire_date": "2019-12-25T18:59:50.435Z"}}, {"model": "sessions.session", "pk": "5e075sj8nos46acki49zh7mr2zfoxzoo", "fields": {"session_data": "MTQ5OTUxNWYxYmM0MjgwY2UwN2UzYmUzOGU1ZDEzMjAyNGFlZTUxYjp7Il9hdXRoX3VzZXJfaWQiOiIxIiwiX2F1dGhfdXNlcl9iYWNrZW5kIjoiZGphbmdvLmNvbnRyaWIuYXV0aC5iYWNrZW5kcy5Nb2RlbEJhY2tlbmQiLCJfYXV0aF91c2VyX2hhc2giOiJmMjA0MDhmYzU1YjYzM2MxMzBiYzU1YzhjMTAyMjYzYTVkMDdjYTU3In0=", "expire_date": "2020-01-09T06:27:00.607Z"}}, {"model": "sessions.session", "pk": "ilesuzhp4eqeo0mlrpm5t66l7kw8tmue", "fields": {"session_data": "MTQ5OTUxNWYxYmM0MjgwY2UwN2UzYmUzOGU1ZDEzMjAyNGFlZTUxYjp7Il9hdXRoX3VzZXJfaWQiOiIxIiwiX2F1dGhfdXNlcl9iYWNrZW5kIjoiZGphbmdvLmNvbnRyaWIuYXV0aC5iYWNrZW5kcy5Nb2RlbEJhY2tlbmQiLCJfYXV0aF91c2VyX2hhc2giOiJmMjA0MDhmYzU1YjYzM2MxMzBiYzU1YzhjMTAyMjYzYTVkMDdjYTU3In0=", "expire_date": "2020-01-12T06:48:33.588Z"}}, {"model": "sessions.session", "pk": "lqmr81iz71sp5znu4hcboca2a6m1q9jb", "fields": {"session_data": "MTQ5OTUxNWYxYmM0MjgwY2UwN2UzYmUzOGU1ZDEzMjAyNGFlZTUxYjp7Il9hdXRoX3VzZXJfaWQiOiIxIiwiX2F1dGhfdXNlcl9iYWNrZW5kIjoiZGphbmdvLmNvbnRyaWIuYXV0aC5iYWNrZW5kcy5Nb2RlbEJhY2tlbmQiLCJfYXV0aF91c2VyX2hhc2giOiJmMjA0MDhmYzU1YjYzM2MxMzBiYzU1YzhjMTAyMjYzYTVkMDdjYTU3In0=", "expire_date": "2020-01-05T04:16:01.078Z"}}, {"model": "sessions.session", "pk": "tzn8s9l5axku3h9nj7fr481ac9vgjfcv", "fields": {"session_data": "MTQ5OTUxNWYxYmM0MjgwY2UwN2UzYmUzOGU1ZDEzMjAyNGFlZTUxYjp7Il9hdXRoX3VzZXJfaWQiOiIxIiwiX2F1dGhfdXNlcl9iYWNrZW5kIjoiZGphbmdvLmNvbnRyaWIuYXV0aC5iYWNrZW5kcy5Nb2RlbEJhY2tlbmQiLCJfYXV0aF91c2VyX2hhc2giOiJmMjA0MDhmYzU1YjYzM2MxMzBiYzU1YzhjMTAyMjYzYTVkMDdjYTU3In0=", "expire_date": "2019-12-19T05:28:12.196Z"}}, {"model": "sessions.session", "pk": "wyt1a3v9hevwjoalsedtfqec8chldd3y", "fields": {"session_data": "MTQ5OTUxNWYxYmM0MjgwY2UwN2UzYmUzOGU1ZDEzMjAyNGFlZTUxYjp7Il9hdXRoX3VzZXJfaWQiOiIxIiwiX2F1dGhfdXNlcl9iYWNrZW5kIjoiZGphbmdvLmNvbnRyaWIuYXV0aC5iYWNrZW5kcy5Nb2RlbEJhY2tlbmQiLCJfYXV0aF91c2VyX2hhc2giOiJmMjA0MDhmYzU1YjYzM2MxMzBiYzU1YzhjMTAyMjYzYTVkMDdjYTU3In0=", "expire_date": "2020-01-01T10:39:12.341Z"}}, {"model": "auth.permission", "pk": 1, "fields": {"name": "Can add log entry", "content_type": 1, "codename": "add_logentry"}}, {"model": "auth.permission", "pk": 2, "fields": {"name": "Can change log entry", "content_type": 1, "codename": "change_logentry"}}, {"model": "auth.permission", "pk": 3, "fields": {"name": "Can delete log entry", "content_type": 1, "codename": "delete_logentry"}}, {"model": "auth.permission", "pk": 4, "fields": {"name": "Can view log entry", "content_type": 1, "codename": "view_logentry"}}, {"model": "auth.permission", "pk": 5, "fields": {"name": "Can add permission", "content_type": 2, "codename": "add_permission"}}, {"model": "auth.permission", "pk": 6, "fields": {"name": "Can change permission", "content_type": 2, "codename": "change_permission"}}, {"model": "auth.permission", "pk": 7, "fields": {"name": "Can delete permission", "content_type": 2, "codename": "delete_permission"}}, {"model": "auth.permission", "pk": 8, "fields": {"name": "Can view permission", "content_type": 2, "codename": "view_permission"}}, {"model": "auth.permission", "pk": 9, "fields": {"name": "Can add group", "content_type": 3, "codename": "add_group"}}, {"model": "auth.permission", "pk": 10, "fields": {"name": "Can change group", "content_type": 3, "codename": "change_group"}}, {"model": "auth.permission", "pk": 11, "fields": {"name": "Can delete group", "content_type": 3, "codename": "delete_group"}}, {"model": "auth.permission", "pk": 12, "fields": {"name": "Can view group", "content_type": 3, "codename": "view_group"}}, {"model": "auth.permission", "pk": 13, "fields": {"name": "Can add content type", "content_type": 4, "codename": "add_contenttype"}}, {"model": "auth.permission", "pk": 14, "fields": {"name": "Can change content type", "content_type": 4, "codename": "change_contenttype"}}, {"model": "auth.permission", "pk": 15, "fields": {"name": "Can delete content type", "content_type": 4, "codename": "delete_contenttype"}}, {"model": "auth.permission", "pk": 16, "fields": {"name": "Can view content type", "content_type": 4, "codename": "view_contenttype"}}, {"model": "auth.permission", "pk": 17, "fields": {"name": "Can add session", "content_type": 5, "codename": "add_session"}}, {"model": "auth.permission", "pk": 18, "fields": {"name": "Can change session", "content_type": 5, "codename": "change_session"}}, {"model": "auth.permission", "pk": 19, "fields": {"name": "Can delete session", "content_type": 5, "codename": "delete_session"}}, {"model": "auth.permission", "pk": 20, "fields": {"name": "Can view session", "content_type": 5, "codename": "view_session"}}, {"model": "auth.permission", "pk": 21, "fields": {"name": "Can add user", "content_type": 6, "codename": "add_userprofile"}}, {"model": "auth.permission", "pk": 22, "fields": {"name": "Can change user", "content_type": 6, "codename": "change_userprofile"}}, {"model": "auth.permission", "pk": 23, "fields": {"name": "Can delete user", "content_type": 6, "codename": "delete_userprofile"}}, {"model": "auth.permission", "pk": 24, "fields": {"name": "Can view user", "content_type": 6, "codename": "view_userprofile"}}, {"model": "auth.permission", "pk": 25, "fields": {"name": "Can add otp", "content_type": 7, "codename": "add_otp"}}, {"model": "auth.permission", "pk": 26, "fields": {"name": "Can change otp", "content_type": 7, "codename": "change_otp"}}, {"model": "auth.permission", "pk": 27, "fields": {"name": "Can delete otp", "content_type": 7, "codename": "delete_otp"}}, {"model": "auth.permission", "pk": 28, "fields": {"name": "Can view otp", "content_type": 7, "codename": "view_otp"}}, {"model": "auth.permission", "pk": 29, "fields": {"name": "Can add historical user", "content_type": 8, "codename": "add_historicaluserprofile"}}, {"model": "auth.permission", "pk": 30, "fields": {"name": "Can change historical user", "content_type": 8, "codename": "change_historicaluserprofile"}}, {"model": "auth.permission", "pk": 31, "fields": {"name": "Can delete historical user", "content_type": 8, "codename": "delete_historicaluserprofile"}}, {"model": "auth.permission", "pk": 32, "fields": {"name": "Can view historical user", "content_type": 8, "codename": "view_historicaluserprofile"}}, {"model": "auth.permission", "pk": 33, "fields": {"name": "Can add historical otp", "content_type": 9, "codename": "add_historicalotp"}}, {"model": "auth.permission", "pk": 34, "fields": {"name": "Can change historical otp", "content_type": 9, "codename": "change_historicalotp"}}, {"model": "auth.permission", "pk": 35, "fields": {"name": "Can delete historical otp", "content_type": 9, "codename": "delete_historicalotp"}}, {"model": "auth.permission", "pk": 36, "fields": {"name": "Can view historical otp", "content_type": 9, "codename": "view_historicalotp"}}, {"model": "auth.permission", "pk": 37, "fields": {"name": "Can add historical black listed token", "content_type": 10, "codename": "add_historicalblacklistedtoken"}}, {"model": "auth.permission", "pk": 38, "fields": {"name": "Can change historical black listed token", "content_type": 10, "codename": "change_historicalblacklistedtoken"}}, {"model": "auth.permission", "pk": 39, "fields": {"name": "Can delete historical black listed token", "content_type": 10, "codename": "delete_historicalblacklistedtoken"}}, {"model": "auth.permission", "pk": 40, "fields": {"name": "Can view historical black listed token", "content_type": 10, "codename": "view_historicalblacklistedtoken"}}, {"model": "auth.permission", "pk": 41, "fields": {"name": "Can add historical address", "content_type": 11, "codename": "add_historicaladdress"}}, {"model": "auth.permission", "pk": 42, "fields": {"name": "Can change historical address", "content_type": 11, "codename": "change_historicaladdress"}}, {"model": "auth.permission", "pk": 43, "fields": {"name": "Can delete historical address", "content_type": 11, "codename": "delete_historicaladdress"}}, {"model": "auth.permission", "pk": 44, "fields": {"name": "Can view historical address", "content_type": 11, "codename": "view_historicaladdress"}}, {"model": "auth.permission", "pk": 45, "fields": {"name": "Can add black listed token", "content_type": 12, "codename": "add_blacklistedtoken"}}, {"model": "auth.permission", "pk": 46, "fields": {"name": "Can change black listed token", "content_type": 12, "codename": "change_blacklistedtoken"}}, {"model": "auth.permission", "pk": 47, "fields": {"name": "Can delete black listed token", "content_type": 12, "codename": "delete_blacklistedtoken"}}, {"model": "auth.permission", "pk": 48, "fields": {"name": "Can view black listed token", "content_type": 12, "codename": "view_blacklistedtoken"}}, {"model": "auth.permission", "pk": 49, "fields": {"name": "Can add address", "content_type": 13, "codename": "add_address"}}, {"model": "auth.permission", "pk": 50, "fields": {"name": "Can change address", "content_type": 13, "codename": "change_address"}}, {"model": "auth.permission", "pk": 51, "fields": {"name": "Can delete address", "content_type": 13, "codename": "delete_address"}}, {"model": "auth.permission", "pk": 52, "fields": {"name": "Can view address", "content_type": 13, "codename": "view_address"}}, {"model": "auth.permission", "pk": 53, "fields": {"name": "Can add historical order", "content_type": 14, "codename": "add_historicalorder"}}, {"model": "auth.permission", "pk": 54, "fields": {"name": "Can change historical order", "content_type": 14, "codename": "change_historicalorder"}}, {"model": "auth.permission", "pk": 55, "fields": {"name": "Can delete historical order", "content_type": 14, "codename": "delete_historicalorder"}}, {"model": "auth.permission", "pk": 56, "fields": {"name": "Can view historical order", "content_type": 14, "codename": "view_historicalorder"}}, {"model": "auth.permission", "pk": 57, "fields": {"name": "Can add historical order product", "content_type": 15, "codename": "add_historicalorderproduct"}}, {"model": "auth.permission", "pk": 58, "fields": {"name": "Can change historical order product", "content_type": 15, "codename": "change_historicalorderproduct"}}, {"model": "auth.permission", "pk": 59, "fields": {"name": "Can delete historical order product", "content_type": 15, "codename": "delete_historicalorderproduct"}}, {"model": "auth.permission", "pk": 60, "fields": {"name": "Can view historical order product", "content_type": 15, "codename": "view_historicalorderproduct"}}, {"model": "auth.permission", "pk": 61, "fields": {"name": "Can add historical vat", "content_type": 16, "codename": "add_historicalvat"}}, {"model": "auth.permission", "pk": 62, "fields": {"name": "Can change historical vat", "content_type": 16, "codename": "change_historicalvat"}}, {"model": "auth.permission", "pk": 63, "fields": {"name": "Can delete historical vat", "content_type": 16, "codename": "delete_historicalvat"}}, {"model": "auth.permission", "pk": 64, "fields": {"name": "Can view historical vat", "content_type": 16, "codename": "view_historicalvat"}}, {"model": "auth.permission", "pk": 65, "fields": {"name": "Can add order", "content_type": 17, "codename": "add_order"}}, {"model": "auth.permission", "pk": 66, "fields": {"name": "Can change order", "content_type": 17, "codename": "change_order"}}, {"model": "auth.permission", "pk": 67, "fields": {"name": "Can delete order", "content_type": 17, "codename": "delete_order"}}, {"model": "auth.permission", "pk": 68, "fields": {"name": "Can view order", "content_type": 17, "codename": "view_order"}}, {"model": "auth.permission", "pk": 69, "fields": {"name": "Can add order product", "content_type": 18, "codename": "add_orderproduct"}}, {"model": "auth.permission", "pk": 70, "fields": {"name": "Can change order product", "content_type": 18, "codename": "change_orderproduct"}}, {"model": "auth.permission", "pk": 71, "fields": {"name": "Can delete order product", "content_type": 18, "codename": "delete_orderproduct"}}, {"model": "auth.permission", "pk": 72, "fields": {"name": "Can view order product", "content_type": 18, "codename": "view_orderproduct"}}, {"model": "auth.permission", "pk": 73, "fields": {"name": "Can add vat", "content_type": 19, "codename": "add_vat"}}, {"model": "auth.permission", "pk": 74, "fields": {"name": "Can change vat", "content_type": 19, "codename": "change_vat"}}, {"model": "auth.permission", "pk": 75, "fields": {"name": "Can delete vat", "content_type": 19, "codename": "delete_vat"}}, {"model": "auth.permission", "pk": 76, "fields": {"name": "Can view vat", "content_type": 19, "codename": "view_vat"}}, {"model": "auth.permission", "pk": 77, "fields": {"name": "Can add bulk order", "content_type": 20, "codename": "add_bulkorder"}}, {"model": "auth.permission", "pk": 78, "fields": {"name": "Can change bulk order", "content_type": 20, "codename": "change_bulkorder"}}, {"model": "auth.permission", "pk": 79, "fields": {"name": "Can delete bulk order", "content_type": 20, "codename": "delete_bulkorder"}}, {"model": "auth.permission", "pk": 80, "fields": {"name": "Can view bulk order", "content_type": 20, "codename": "view_bulkorder"}}, {"model": "auth.permission", "pk": 81, "fields": {"name": "Can add bulk order products", "content_type": 21, "codename": "add_bulkorderproducts"}}, {"model": "auth.permission", "pk": 82, "fields": {"name": "Can change bulk order products", "content_type": 21, "codename": "change_bulkorderproducts"}}, {"model": "auth.permission", "pk": 83, "fields": {"name": "Can delete bulk order products", "content_type": 21, "codename": "delete_bulkorderproducts"}}, {"model": "auth.permission", "pk": 84, "fields": {"name": "Can view bulk order products", "content_type": 21, "codename": "view_bulkorderproducts"}}, {"model": "auth.permission", "pk": 85, "fields": {"name": "Can add bulk order req connector", "content_type": 22, "codename": "add_bulkorderreqconnector"}}, {"model": "auth.permission", "pk": 86, "fields": {"name": "Can change bulk order req connector", "content_type": 22, "codename": "change_bulkorderreqconnector"}}, {"model": "auth.permission", "pk": 87, "fields": {"name": "Can delete bulk order req connector", "content_type": 22, "codename": "delete_bulkorderreqconnector"}}, {"model": "auth.permission", "pk": 88, "fields": {"name": "Can view bulk order req connector", "content_type": 22, "codename": "view_bulkorderreqconnector"}}, {"model": "auth.permission", "pk": 89, "fields": {"name": "Can add business type", "content_type": 23, "codename": "add_businesstype"}}, {"model": "auth.permission", "pk": 90, "fields": {"name": "Can change business type", "content_type": 23, "codename": "change_businesstype"}}, {"model": "auth.permission", "pk": 91, "fields": {"name": "Can delete business type", "content_type": 23, "codename": "delete_businesstype"}}, {"model": "auth.permission", "pk": 92, "fields": {"name": "Can view business type", "content_type": 23, "codename": "view_businesstype"}}, {"model": "auth.permission", "pk": 93, "fields": {"name": "Can add historical business type", "content_type": 24, "codename": "add_historicalbusinesstype"}}, {"model": "auth.permission", "pk": 94, "fields": {"name": "Can change historical business type", "content_type": 24, "codename": "change_historicalbusinesstype"}}, {"model": "auth.permission", "pk": 95, "fields": {"name": "Can delete historical business type", "content_type": 24, "codename": "delete_historicalbusinesstype"}}, {"model": "auth.permission", "pk": 96, "fields": {"name": "Can view historical business type", "content_type": 24, "codename": "view_historicalbusinesstype"}}, {"model": "auth.permission", "pk": 97, "fields": {"name": "Can add historical producer bulk request", "content_type": 25, "codename": "add_historicalproducerbulkrequest"}}, {"model": "auth.permission", "pk": 98, "fields": {"name": "Can change historical producer bulk request", "content_type": 25, "codename": "change_historicalproducerbulkrequest"}}, {"model": "auth.permission", "pk": 99, "fields": {"name": "Can delete historical producer bulk request", "content_type": 25, "codename": "delete_historicalproducerbulkrequest"}}, {"model": "auth.permission", "pk": 100, "fields": {"name": "Can view historical producer bulk request", "content_type": 25, "codename": "view_historicalproducerbulkrequest"}}, {"model": "auth.permission", "pk": 101, "fields": {"name": "Can add historical producer business", "content_type": 26, "codename": "add_historicalproducerbusiness"}}, {"model": "auth.permission", "pk": 102, "fields": {"name": "Can change historical producer business", "content_type": 26, "codename": "change_historicalproducerbusiness"}}, {"model": "auth.permission", "pk": 103, "fields": {"name": "Can delete historical producer business", "content_type": 26, "codename": "delete_historicalproducerbusiness"}}, {"model": "auth.permission", "pk": 104, "fields": {"name": "Can view historical producer business", "content_type": 26, "codename": "view_historicalproducerbusiness"}}, {"model": "auth.permission", "pk": 105, "fields": {"name": "Can add historical producer farm", "content_type": 27, "codename": "add_historicalproducerfarm"}}, {"model": "auth.permission", "pk": 106, "fields": {"name": "Can change historical producer farm", "content_type": 27, "codename": "change_historicalproducerfarm"}}, {"model": "auth.permission", "pk": 107, "fields": {"name": "Can delete historical producer farm", "content_type": 27, "codename": "delete_historicalproducerfarm"}}, {"model": "auth.permission", "pk": 108, "fields": {"name": "Can view historical producer farm", "content_type": 27, "codename": "view_historicalproducerfarm"}}, {"model": "auth.permission", "pk": 109, "fields": {"name": "Can add micro bulk order", "content_type": 28, "codename": "add_microbulkorder"}}, {"model": "auth.permission", "pk": 110, "fields": {"name": "Can change micro bulk order", "content_type": 28, "codename": "change_microbulkorder"}}, {"model": "auth.permission", "pk": 111, "fields": {"name": "Can delete micro bulk order", "content_type": 28, "codename": "delete_microbulkorder"}}, {"model": "auth.permission", "pk": 112, "fields": {"name": "Can view micro bulk order", "content_type": 28, "codename": "view_microbulkorder"}}, {"model": "auth.permission", "pk": 113, "fields": {"name": "Can add micro bulk order products", "content_type": 29, "codename": "add_microbulkorderproducts"}}, {"model": "auth.permission", "pk": 114, "fields": {"name": "Can change micro bulk order products", "content_type": 29, "codename": "change_microbulkorderproducts"}}, {"model": "auth.permission", "pk": 115, "fields": {"name": "Can delete micro bulk order products", "content_type": 29, "codename": "delete_microbulkorderproducts"}}, {"model": "auth.permission", "pk": 116, "fields": {"name": "Can view micro bulk order products", "content_type": 29, "codename": "view_microbulkorderproducts"}}, {"model": "auth.permission", "pk": 117, "fields": {"name": "Can add producer bulk request", "content_type": 30, "codename": "add_producerbulkrequest"}}, {"model": "auth.permission", "pk": 118, "fields": {"name": "Can change producer bulk request", "content_type": 30, "codename": "change_producerbulkrequest"}}, {"model": "auth.permission", "pk": 119, "fields": {"name": "Can delete producer bulk request", "content_type": 30, "codename": "delete_producerbulkrequest"}}, {"model": "auth.permission", "pk": 120, "fields": {"name": "Can view producer bulk request", "content_type": 30, "codename": "view_producerbulkrequest"}}, {"model": "auth.permission", "pk": 121, "fields": {"name": "Can add producer business", "content_type": 31, "codename": "add_producerbusiness"}}, {"model": "auth.permission", "pk": 122, "fields": {"name": "Can change producer business", "content_type": 31, "codename": "change_producerbusiness"}}, {"model": "auth.permission", "pk": 123, "fields": {"name": "Can delete producer business", "content_type": 31, "codename": "delete_producerbusiness"}}, {"model": "auth.permission", "pk": 124, "fields": {"name": "Can view producer business", "content_type": 31, "codename": "view_producerbusiness"}}, {"model": "auth.permission", "pk": 125, "fields": {"name": "Can add producer farm", "content_type": 32, "codename": "add_producerfarm"}}, {"model": "auth.permission", "pk": 126, "fields": {"name": "Can change producer farm", "content_type": 32, "codename": "change_producerfarm"}}, {"model": "auth.permission", "pk": 127, "fields": {"name": "Can delete producer farm", "content_type": 32, "codename": "delete_producerfarm"}}, {"model": "auth.permission", "pk": 128, "fields": {"name": "Can view producer farm", "content_type": 32, "codename": "view_producerfarm"}}, {"model": "auth.permission", "pk": 129, "fields": {"name": "Can add accepted order", "content_type": 33, "codename": "add_acceptedorder"}}, {"model": "auth.permission", "pk": 130, "fields": {"name": "Can change accepted order", "content_type": 33, "codename": "change_acceptedorder"}}, {"model": "auth.permission", "pk": 131, "fields": {"name": "Can delete accepted order", "content_type": 33, "codename": "delete_acceptedorder"}}, {"model": "auth.permission", "pk": 132, "fields": {"name": "Can view accepted order", "content_type": 33, "codename": "view_acceptedorder"}}, {"model": "auth.permission", "pk": 133, "fields": {"name": "Can add account", "content_type": 34, "codename": "add_account"}}, {"model": "auth.permission", "pk": 134, "fields": {"name": "Can change account", "content_type": 34, "codename": "change_account"}}, {"model": "auth.permission", "pk": 135, "fields": {"name": "Can delete account", "content_type": 34, "codename": "delete_account"}}, {"model": "auth.permission", "pk": 136, "fields": {"name": "Can view account", "content_type": 34, "codename": "view_account"}}, {"model": "auth.permission", "pk": 137, "fields": {"name": "Can add historical accepted order", "content_type": 35, "codename": "add_historicalacceptedorder"}}, {"model": "auth.permission", "pk": 138, "fields": {"name": "Can change historical accepted order", "content_type": 35, "codename": "change_historicalacceptedorder"}}, {"model": "auth.permission", "pk": 139, "fields": {"name": "Can delete historical accepted order", "content_type": 35, "codename": "delete_historicalacceptedorder"}}, {"model": "auth.permission", "pk": 140, "fields": {"name": "Can view historical accepted order", "content_type": 35, "codename": "view_historicalacceptedorder"}}, {"model": "auth.permission", "pk": 141, "fields": {"name": "Can add historical account", "content_type": 36, "codename": "add_historicalaccount"}}, {"model": "auth.permission", "pk": 142, "fields": {"name": "Can change historical account", "content_type": 36, "codename": "change_historicalaccount"}}, {"model": "auth.permission", "pk": 143, "fields": {"name": "Can delete historical account", "content_type": 36, "codename": "delete_historicalaccount"}}, {"model": "auth.permission", "pk": 144, "fields": {"name": "Can view historical account", "content_type": 36, "codename": "view_historicalaccount"}}, {"model": "auth.permission", "pk": 145, "fields": {"name": "Can add historical shop", "content_type": 37, "codename": "add_historicalshop"}}, {"model": "auth.permission", "pk": 146, "fields": {"name": "Can change historical shop", "content_type": 37, "codename": "change_historicalshop"}}, {"model": "auth.permission", "pk": 147, "fields": {"name": "Can delete historical shop", "content_type": 37, "codename": "delete_historicalshop"}}, {"model": "auth.permission", "pk": 148, "fields": {"name": "Can view historical shop", "content_type": 37, "codename": "view_historicalshop"}}, {"model": "auth.permission", "pk": 149, "fields": {"name": "Can add historical shop product", "content_type": 38, "codename": "add_historicalshopproduct"}}, {"model": "auth.permission", "pk": 150, "fields": {"name": "Can change historical shop product", "content_type": 38, "codename": "change_historicalshopproduct"}}, {"model": "auth.permission", "pk": 151, "fields": {"name": "Can delete historical shop product", "content_type": 38, "codename": "delete_historicalshopproduct"}}, {"model": "auth.permission", "pk": 152, "fields": {"name": "Can view historical shop product", "content_type": 38, "codename": "view_historicalshopproduct"}}, {"model": "auth.permission", "pk": 153, "fields": {"name": "Can add shop", "content_type": 39, "codename": "add_shop"}}, {"model": "auth.permission", "pk": 154, "fields": {"name": "Can change shop", "content_type": 39, "codename": "change_shop"}}, {"model": "auth.permission", "pk": 155, "fields": {"name": "Can delete shop", "content_type": 39, "codename": "delete_shop"}}, {"model": "auth.permission", "pk": 156, "fields": {"name": "Can view shop", "content_type": 39, "codename": "view_shop"}}, {"model": "auth.permission", "pk": 157, "fields": {"name": "Can add shop product", "content_type": 40, "codename": "add_shopproduct"}}, {"model": "auth.permission", "pk": 158, "fields": {"name": "Can change shop product", "content_type": 40, "codename": "change_shopproduct"}}, {"model": "auth.permission", "pk": 159, "fields": {"name": "Can delete shop product", "content_type": 40, "codename": "delete_shopproduct"}}, {"model": "auth.permission", "pk": 160, "fields": {"name": "Can view shop product", "content_type": 40, "codename": "view_shopproduct"}}, {"model": "auth.permission", "pk": 161, "fields": {"name": "Can add historical product", "content_type": 41, "codename": "add_historicalproduct"}}, {"model": "auth.permission", "pk": 162, "fields": {"name": "Can change historical product", "content_type": 41, "codename": "change_historicalproduct"}}, {"model": "auth.permission", "pk": 163, "fields": {"name": "Can delete historical product", "content_type": 41, "codename": "delete_historicalproduct"}}, {"model": "auth.permission", "pk": 164, "fields": {"name": "Can view historical product", "content_type": 41, "codename": "view_historicalproduct"}}, {"model": "auth.permission", "pk": 165, "fields": {"name": "Can add historical product category", "content_type": 42, "codename": "add_historicalproductcategory"}}, {"model": "auth.permission", "pk": 166, "fields": {"name": "Can change historical product category", "content_type": 42, "codename": "change_historicalproductcategory"}}, {"model": "auth.permission", "pk": 167, "fields": {"name": "Can delete historical product category", "content_type": 42, "codename": "delete_historicalproductcategory"}}, {"model": "auth.permission", "pk": 168, "fields": {"name": "Can view historical product category", "content_type": 42, "codename": "view_historicalproductcategory"}}, {"model": "auth.permission", "pk": 169, "fields": {"name": "Can add historical product meta", "content_type": 43, "codename": "add_historicalproductmeta"}}, {"model": "auth.permission", "pk": 170, "fields": {"name": "Can change historical product meta", "content_type": 43, "codename": "change_historicalproductmeta"}}, {"model": "auth.permission", "pk": 171, "fields": {"name": "Can delete historical product meta", "content_type": 43, "codename": "delete_historicalproductmeta"}}, {"model": "auth.permission", "pk": 172, "fields": {"name": "Can view historical product meta", "content_type": 43, "codename": "view_historicalproductmeta"}}, {"model": "auth.permission", "pk": 173, "fields": {"name": "Can add historical shop category", "content_type": 44, "codename": "add_historicalshopcategory"}}, {"model": "auth.permission", "pk": 174, "fields": {"name": "Can change historical shop category", "content_type": 44, "codename": "change_historicalshopcategory"}}, {"model": "auth.permission", "pk": 175, "fields": {"name": "Can delete historical shop category", "content_type": 44, "codename": "delete_historicalshopcategory"}}, {"model": "auth.permission", "pk": 176, "fields": {"name": "Can view historical shop category", "content_type": 44, "codename": "view_historicalshopcategory"}}, {"model": "auth.permission", "pk": 177, "fields": {"name": "Can add product", "content_type": 45, "codename": "add_product"}}, {"model": "auth.permission", "pk": 178, "fields": {"name": "Can change product", "content_type": 45, "codename": "change_product"}}, {"model": "auth.permission", "pk": 179, "fields": {"name": "Can delete product", "content_type": 45, "codename": "delete_product"}}, {"model": "auth.permission", "pk": 180, "fields": {"name": "Can view product", "content_type": 45, "codename": "view_product"}}, {"model": "auth.permission", "pk": 181, "fields": {"name": "Can add product category", "content_type": 46, "codename": "add_productcategory"}}, {"model": "auth.permission", "pk": 182, "fields": {"name": "Can change product category", "content_type": 46, "codename": "change_productcategory"}}, {"model": "auth.permission", "pk": 183, "fields": {"name": "Can delete product category", "content_type": 46, "codename": "delete_productcategory"}}, {"model": "auth.permission", "pk": 184, "fields": {"name": "Can view product category", "content_type": 46, "codename": "view_productcategory"}}, {"model": "auth.permission", "pk": 185, "fields": {"name": "Can add product meta", "content_type": 47, "codename": "add_productmeta"}}, {"model": "auth.permission", "pk": 186, "fields": {"name": "Can change product meta", "content_type": 47, "codename": "change_productmeta"}}, {"model": "auth.permission", "pk": 187, "fields": {"name": "Can delete product meta", "content_type": 47, "codename": "delete_productmeta"}}, {"model": "auth.permission", "pk": 188, "fields": {"name": "Can view product meta", "content_type": 47, "codename": "view_productmeta"}}, {"model": "auth.permission", "pk": 189, "fields": {"name": "Can add shop category", "content_type": 48, "codename": "add_shopcategory"}}, {"model": "auth.permission", "pk": 190, "fields": {"name": "Can change shop category", "content_type": 48, "codename": "change_shopcategory"}}, {"model": "auth.permission", "pk": 191, "fields": {"name": "Can delete shop category", "content_type": 48, "codename": "delete_shopcategory"}}, {"model": "auth.permission", "pk": 192, "fields": {"name": "Can view shop category", "content_type": 48, "codename": "view_shopcategory"}}, {"model": "auth.permission", "pk": 193, "fields": {"name": "Can add historical offer", "content_type": 49, "codename": "add_historicaloffer"}}, {"model": "auth.permission", "pk": 194, "fields": {"name": "Can change historical offer", "content_type": 49, "codename": "change_historicaloffer"}}, {"model": "auth.permission", "pk": 195, "fields": {"name": "Can delete historical offer", "content_type": 49, "codename": "delete_historicaloffer"}}, {"model": "auth.permission", "pk": 196, "fields": {"name": "Can view historical offer", "content_type": 49, "codename": "view_historicaloffer"}}, {"model": "auth.permission", "pk": 197, "fields": {"name": "Can add historical offer product", "content_type": 50, "codename": "add_historicalofferproduct"}}, {"model": "auth.permission", "pk": 198, "fields": {"name": "Can change historical offer product", "content_type": 50, "codename": "change_historicalofferproduct"}}, {"model": "auth.permission", "pk": 199, "fields": {"name": "Can delete historical offer product", "content_type": 50, "codename": "delete_historicalofferproduct"}}, {"model": "auth.permission", "pk": 200, "fields": {"name": "Can view historical offer product", "content_type": 50, "codename": "view_historicalofferproduct"}}, {"model": "auth.permission", "pk": 201, "fields": {"name": "Can add offer", "content_type": 51, "codename": "add_offer"}}, {"model": "auth.permission", "pk": 202, "fields": {"name": "Can change offer", "content_type": 51, "codename": "change_offer"}}, {"model": "auth.permission", "pk": 203, "fields": {"name": "Can delete offer", "content_type": 51, "codename": "delete_offer"}}, {"model": "auth.permission", "pk": 204, "fields": {"name": "Can view offer", "content_type": 51, "codename": "view_offer"}}, {"model": "auth.permission", "pk": 205, "fields": {"name": "Can add offer product", "content_type": 52, "codename": "add_offerproduct"}}, {"model": "auth.permission", "pk": 206, "fields": {"name": "Can change offer product", "content_type": 52, "codename": "change_offerproduct"}}, {"model": "auth.permission", "pk": 207, "fields": {"name": "Can delete offer product", "content_type": 52, "codename": "delete_offerproduct"}}, {"model": "auth.permission", "pk": 208, "fields": {"name": "Can view offer product", "content_type": 52, "codename": "view_offerproduct"}}, {"model": "auth.permission", "pk": 209, "fields": {"name": "Can add commission rate", "content_type": 53, "codename": "add_commissionrate"}}, {"model": "auth.permission", "pk": 210, "fields": {"name": "Can change commission rate", "content_type": 53, "codename": "change_commissionrate"}}, {"model": "auth.permission", "pk": 211, "fields": {"name": "Can delete commission rate", "content_type": 53, "codename": "delete_commissionrate"}}, {"model": "auth.permission", "pk": 212, "fields": {"name": "Can view commission rate", "content_type": 53, "codename": "view_commissionrate"}}, {"model": "auth.permission", "pk": 213, "fields": {"name": "Can add kitchen market", "content_type": 54, "codename": "add_kitchenmarket"}}, {"model": "auth.permission", "pk": 214, "fields": {"name": "Can change kitchen market", "content_type": 54, "codename": "change_kitchenmarket"}}, {"model": "auth.permission", "pk": 215, "fields": {"name": "Can delete kitchen market", "content_type": 54, "codename": "delete_kitchenmarket"}}, {"model": "auth.permission", "pk": 216, "fields": {"name": "Can view kitchen market", "content_type": 54, "codename": "view_kitchenmarket"}}, {"model": "auth.permission", "pk": 217, "fields": {"name": "Can add whole sell rate", "content_type": 55, "codename": "add_wholesellrate"}}, {"model": "auth.permission", "pk": 218, "fields": {"name": "Can change whole sell rate", "content_type": 55, "codename": "change_wholesellrate"}}, {"model": "auth.permission", "pk": 219, "fields": {"name": "Can delete whole sell rate", "content_type": 55, "codename": "delete_wholesellrate"}}, {"model": "auth.permission", "pk": 220, "fields": {"name": "Can view whole sell rate", "content_type": 55, "codename": "view_wholesellrate"}}, {"model": "auth.permission", "pk": 221, "fields": {"name": "Can add city country", "content_type": 56, "codename": "add_citycountry"}}, {"model": "auth.permission", "pk": 222, "fields": {"name": "Can change city country", "content_type": 56, "codename": "change_citycountry"}}, {"model": "auth.permission", "pk": 223, "fields": {"name": "Can delete city country", "content_type": 56, "codename": "delete_citycountry"}}, {"model": "auth.permission", "pk": 224, "fields": {"name": "Can view city country", "content_type": 56, "codename": "view_citycountry"}}, {"model": "auth.permission", "pk": 225, "fields": {"name": "Can add remarks", "content_type": 57, "codename": "add_remarks"}}, {"model": "auth.permission", "pk": 226, "fields": {"name": "Can change remarks", "content_type": 57, "codename": "change_remarks"}}, {"model": "auth.permission", "pk": 227, "fields": {"name": "Can delete remarks", "content_type": 57, "codename": "delete_remarks"}}, {"model": "auth.permission", "pk": 228, "fields": {"name": "Can view remarks", "content_type": 57, "codename": "view_remarks"}}, {"model": "auth.permission", "pk": 229, "fields": {"name": "Can add product unit", "content_type": 58, "codename": "add_productunit"}}, {"model": "auth.permission", "pk": 230, "fields": {"name": "Can change product unit", "content_type": 58, "codename": "change_productunit"}}, {"model": "auth.permission", "pk": 231, "fields": {"name": "Can delete product unit", "content_type": 58, "codename": "delete_productunit"}}, {"model": "auth.permission", "pk": 232, "fields": {"name": "Can view product unit", "content_type": 58, "codename": "view_productunit"}}, {"model": "auth.permission", "pk": 233, "fields": {"name": "Can add location", "content_type": 59, "codename": "add_location"}}, {"model": "auth.permission", "pk": 234, "fields": {"name": "Can change location", "content_type": 59, "codename": "change_location"}}, {"model": "auth.permission", "pk": 235, "fields": {"name": "Can delete location", "content_type": 59, "codename": "delete_location"}}, {"model": "auth.permission", "pk": 236, "fields": {"name": "Can view location", "content_type": 59, "codename": "view_location"}}, {"model": "auth.permission", "pk": 237, "fields": {"name": "Can add historical product unit", "content_type": 60, "codename": "add_historicalproductunit"}}, {"model": "auth.permission", "pk": 238, "fields": {"name": "Can change historical product unit", "content_type": 60, "codename": "change_historicalproductunit"}}, {"model": "auth.permission", "pk": 239, "fields": {"name": "Can delete historical product unit", "content_type": 60, "codename": "delete_historicalproductunit"}}, {"model": "auth.permission", "pk": 240, "fields": {"name": "Can view historical product unit", "content_type": 60, "codename": "view_historicalproductunit"}}, {"model": "auth.permission", "pk": 241, "fields": {"name": "Can add historical location", "content_type": 61, "codename": "add_historicallocation"}}, {"model": "auth.permission", "pk": 242, "fields": {"name": "Can change historical location", "content_type": 61, "codename": "change_historicallocation"}}, {"model": "auth.permission", "pk": 243, "fields": {"name": "Can delete historical location", "content_type": 61, "codename": "delete_historicallocation"}}, {"model": "auth.permission", "pk": 244, "fields": {"name": "Can view historical location", "content_type": 61, "codename": "view_historicallocation"}}, {"model": "auth.permission", "pk": 245, "fields": {"name": "Can add historical city country", "content_type": 62, "codename": "add_historicalcitycountry"}}, {"model": "auth.permission", "pk": 246, "fields": {"name": "Can change historical city country", "content_type": 62, "codename": "change_historicalcitycountry"}}, {"model": "auth.permission", "pk": 247, "fields": {"name": "Can delete historical city country", "content_type": 62, "codename": "delete_historicalcitycountry"}}, {"model": "auth.permission", "pk": 248, "fields": {"name": "Can view historical city country", "content_type": 62, "codename": "view_historicalcitycountry"}}, {"model": "auth.permission", "pk": 249, "fields": {"name": "Can add historical area", "content_type": 63, "codename": "add_historicalarea"}}, {"model": "auth.permission", "pk": 250, "fields": {"name": "Can change historical area", "content_type": 63, "codename": "change_historicalarea"}}, {"model": "auth.permission", "pk": 251, "fields": {"name": "Can delete historical area", "content_type": 63, "codename": "delete_historicalarea"}}, {"model": "auth.permission", "pk": 252, "fields": {"name": "Can view historical area", "content_type": 63, "codename": "view_historicalarea"}}, {"model": "auth.permission", "pk": 253, "fields": {"name": "Can add area", "content_type": 64, "codename": "add_area"}}, {"model": "auth.permission", "pk": 254, "fields": {"name": "Can change area", "content_type": 64, "codename": "change_area"}}, {"model": "auth.permission", "pk": 255, "fields": {"name": "Can delete area", "content_type": 64, "codename": "delete_area"}}, {"model": "auth.permission", "pk": 256, "fields": {"name": "Can view area", "content_type": 64, "codename": "view_area"}}, {"model": "auth.permission", "pk": 257, "fields": {"name": "Can add historical user dues", "content_type": 65, "codename": "add_historicaluserdues"}}, {"model": "auth.permission", "pk": 258, "fields": {"name": "Can change historical user dues", "content_type": 65, "codename": "change_historicaluserdues"}}, {"model": "auth.permission", "pk": 259, "fields": {"name": "Can delete historical user dues", "content_type": 65, "codename": "delete_historicaluserdues"}}, {"model": "auth.permission", "pk": 260, "fields": {"name": "Can view historical user dues", "content_type": 65, "codename": "view_historicaluserdues"}}, {"model": "auth.permission", "pk": 261, "fields": {"name": "Can add user dues", "content_type": 66, "codename": "add_userdues"}}, {"model": "auth.permission", "pk": 262, "fields": {"name": "Can change user dues", "content_type": 66, "codename": "change_userdues"}}, {"model": "auth.permission", "pk": 263, "fields": {"name": "Can delete user dues", "content_type": 66, "codename": "delete_userdues"}}, {"model": "auth.permission", "pk": 264, "fields": {"name": "Can view user dues", "content_type": 66, "codename": "view_userdues"}}, {"model": "auth.permission", "pk": 265, "fields": {"name": "Can add user dues history", "content_type": 67, "codename": "add_userdueshistory"}}, {"model": "auth.permission", "pk": 266, "fields": {"name": "Can change user dues history", "content_type": 67, "codename": "change_userdueshistory"}}, {"model": "auth.permission", "pk": 267, "fields": {"name": "Can delete user dues history", "content_type": 67, "codename": "delete_userdueshistory"}}, {"model": "auth.permission", "pk": 268, "fields": {"name": "Can view user dues history", "content_type": 67, "codename": "view_userdueshistory"}}, {"model": "auth.permission", "pk": 269, "fields": {"name": "Can add historical shop inventory", "content_type": 68, "codename": "add_historicalshopinventory"}}, {"model": "auth.permission", "pk": 270, "fields": {"name": "Can change historical shop inventory", "content_type": 68, "codename": "change_historicalshopinventory"}}, {"model": "auth.permission", "pk": 271, "fields": {"name": "Can delete historical shop inventory", "content_type": 68, "codename": "delete_historicalshopinventory"}}, {"model": "auth.permission", "pk": 272, "fields": {"name": "Can view historical shop inventory", "content_type": 68, "codename": "view_historicalshopinventory"}}, {"model": "auth.permission", "pk": 273, "fields": {"name": "Can add shop inventory", "content_type": 69, "codename": "add_shopinventory"}}, {"model": "auth.permission", "pk": 274, "fields": {"name": "Can change shop inventory", "content_type": 69, "codename": "change_shopinventory"}}, {"model": "auth.permission", "pk": 275, "fields": {"name": "Can delete shop inventory", "content_type": 69, "codename": "delete_shopinventory"}}, {"model": "auth.permission", "pk": 276, "fields": {"name": "Can view shop inventory", "content_type": 69, "codename": "view_shopinventory"}}, {"model": "auth.permission", "pk": 277, "fields": {"name": "Can add shop inventory history", "content_type": 70, "codename": "add_shopinventoryhistory"}}, {"model": "auth.permission", "pk": 278, "fields": {"name": "Can change shop inventory history", "content_type": 70, "codename": "change_shopinventoryhistory"}}, {"model": "auth.permission", "pk": 279, "fields": {"name": "Can delete shop inventory history", "content_type": 70, "codename": "delete_shopinventoryhistory"}}, {"model": "auth.permission", "pk": 280, "fields": {"name": "Can view shop inventory history", "content_type": 70, "codename": "view_shopinventoryhistory"}}, {"model": "auth.permission", "pk": 281, "fields": {"name": "Can add delivery check list", "content_type": 71, "codename": "add_deliverychecklist"}}, {"model": "auth.permission", "pk": 282, "fields": {"name": "Can change delivery check list", "content_type": 71, "codename": "change_deliverychecklist"}}, {"model": "auth.permission", "pk": 283, "fields": {"name": "Can delete delivery check list", "content_type": 71, "codename": "delete_deliverychecklist"}}, {"model": "auth.permission", "pk": 284, "fields": {"name": "Can view delivery check list", "content_type": 71, "codename": "view_deliverychecklist"}}, {"model": "auth.permission", "pk": 285, "fields": {"name": "Can add delivery check list item", "content_type": 72, "codename": "add_deliverychecklistitem"}}, {"model": "auth.permission", "pk": 286, "fields": {"name": "Can change delivery check list item", "content_type": 72, "codename": "change_deliverychecklistitem"}}, {"model": "auth.permission", "pk": 287, "fields": {"name": "Can delete delivery check list item", "content_type": 72, "codename": "delete_deliverychecklistitem"}}, {"model": "auth.permission", "pk": 288, "fields": {"name": "Can view delivery check list item", "content_type": 72, "codename": "view_deliverychecklistitem"}}, {"model": "auth.permission", "pk": 289, "fields": {"name": "Can add delivery check list template", "content_type": 73, "codename": "add_deliverychecklisttemplate"}}, {"model": "auth.permission", "pk": 290, "fields": {"name": "Can change delivery check list template", "content_type": 73, "codename": "change_deliverychecklisttemplate"}}, {"model": "auth.permission", "pk": 291, "fields": {"name": "Can delete delivery check list template", "content_type": 73, "codename": "delete_deliverychecklisttemplate"}}, {"model": "auth.permission", "pk": 292, "fields": {"name": "Can view delivery check list template", "content_type": 73, "codename": "view_deliverychecklisttemplate"}}, {"model": "auth.permission", "pk": 293, "fields": {"name": "Can add historical delivery check list", "content_type": 74, "codename": "add_historicaldeliverychecklist"}}, {"model": "auth.permission", "pk": 294, "fields": {"name": "Can change historical delivery check list", "content_type": 74, "codename": "change_historicaldeliverychecklist"}}, {"model": "auth.permission", "pk": 295, "fields": {"name": "Can delete historical delivery check list", "content_type": 74, "codename": "delete_historicaldeliverychecklist"}}, {"model": "auth.permission", "pk": 296, "fields": {"name": "Can view historical delivery check list", "content_type": 74, "codename": "view_historicaldeliverychecklist"}}, {"model": "auth.permission", "pk": 297, "fields": {"name": "Can add historical delivery check list item", "content_type": 75, "codename": "add_historicaldeliverychecklistitem"}}, {"model": "auth.permission", "pk": 298, "fields": {"name": "Can change historical delivery check list item", "content_type": 75, "codename": "change_historicaldeliverychecklistitem"}}, {"model": "auth.permission", "pk": 299, "fields": {"name": "Can delete historical delivery check list item", "content_type": 75, "codename": "delete_historicaldeliverychecklistitem"}}, {"model": "auth.permission", "pk": 300, "fields": {"name": "Can view historical delivery check list item", "content_type": 75, "codename": "view_historicaldeliverychecklistitem"}}, {"model": "auth.permission", "pk": 301, "fields": {"name": "Can add historical delivery check list template", "content_type": 76, "codename": "add_historicaldeliverychecklisttemplate"}}, {"model": "auth.permission", "pk": 302, "fields": {"name": "Can change historical delivery check list template", "content_type": 76, "codename": "change_historicaldeliverychecklisttemplate"}}, {"model": "auth.permission", "pk": 303, "fields": {"name": "Can delete historical delivery check list template", "content_type": 76, "codename": "delete_historicaldeliverychecklisttemplate"}}, {"model": "auth.permission", "pk": 304, "fields": {"name": "Can view historical delivery check list template", "content_type": 76, "codename": "view_historicaldeliverychecklisttemplate"}}, {"model": "userProfile.userprofile", "pk": 1, "fields": {"password": "pbkdf2_sha256$150000$bAe5dJrcIVqS$dLpPma97zEAmCY9Deq25gR3RRYxUsX9pnfhef7QkVMo=", "last_login": "2019-12-29T06:48:33.440Z", "is_superuser": true, "username": "admin", "is_staff": true, "is_active": true, "date_joined": "2019-12-05T05:21:45.362Z", "user_type": "CM", "user_image": "", "mobile_number": null, "first_name": null, "last_name": null, "email": "admin@satechbd.com", "user_NID": null, "ref_code": null, "pin_code": null, "created_on": "2019-12-05T05:21:45.473Z", "modified_on": null, "is_approved": false, "groups": [], "user_permissions": []}}, {"model": "userProfile.userprofile", "pk": 3, "fields": {"password": "pbkdf2_sha256$150000$sU7pLaiSAKFP$4MuCB0b7Of6+2Mb3IlGyZxzBtb4w3n9H7otughhp5n8=", "last_login": null, "is_superuser": false, "username": "+88001747162600", "is_staff": false, "is_active": true, "date_joined": "2019-12-08T03:56:14.788Z", "user_type": "RT", "user_image": "", "mobile_number": "+88001747162600", "first_name": "space", "last_name": "space", "email": "ashiqur.sajib@northsouth.edu", "user_NID": "15363738389449", "ref_code": null, "pin_code": null, "created_on": "2019-12-08T03:56:14.788Z", "modified_on": null, "is_approved": false, "groups": [], "user_permissions": []}}, {"model": "userProfile.userprofile", "pk": 4, "fields": {"password": "pbkdf2_sha256$150000$QU7Q4AbarH42$IdyUcbAp1yYCpLr9qUpuzYCWjcdnJToX8f1j42SXDqI=", "last_login": null, "is_superuser": false, "username": "+88001521202936", "is_staff": false, "is_active": true, "date_joined": "2019-12-08T03:59:10.812Z", "user_type": "RT", "user_image": "", "mobile_number": "+88001521202936", "first_name": "space", "last_name": "space", "email": "sajib@gmail.com", "user_NID": "14263783937373", "ref_code": null, "pin_code": null, "created_on": "2019-12-08T03:59:10.812Z", "modified_on": null, "is_approved": false, "groups": [], "user_permissions": []}}, {"model": "userProfile.userprofile", "pk": 5, "fields": {"password": "pbkdf2_sha256$150000$XjNDSwiuhKXq$/mFmQ+Vi07iTHZ0GnVYbtzW5EfgYmkBPveBoiqTWcXM=", "last_login": null, "is_superuser": false, "username": "+8801670290963", "is_staff": false, "is_active": true, "date_joined": "2019-12-08T05:35:15Z", "user_type": "RT", "user_image": "", "mobile_number": "+8801670290963", "first_name": "space", "last_name": "space", "email": "ashiqur.sajib@gmail.com", "user_NID": "14262939476272983", "ref_code": null, "pin_code": null, "created_on": "2019-12-08T05:35:15Z", "modified_on": null, "is_approved": true, "groups": [], "user_permissions": []}}, {"model": "userProfile.userprofile", "pk": 6, "fields": {"password": "pbkdf2_sha256$150000$LYdHpNt1ZZY2$466JpaV4Vwq8BIyoGcWZ0lYXpdb4z1xVk3OHngUG2E8=", "last_login": null, "is_superuser": false, "username": "01685715196", "is_staff": false, "is_active": true, "date_joined": "2019-12-08T06:20:08Z", "user_type": "SF", "user_image": "", "mobile_number": "01685715196", "first_name": "sani", "last_name": "khan", "email": "sf@satechbd.com", "user_NID": null, "ref_code": null, "pin_code": null, "created_on": "2019-12-08T06:20:08Z", "modified_on": null, "is_approved": true, "groups": [], "user_permissions": []}}, {"model": "userProfile.userprofile", "pk": 7, "fields": {"password": "pbkdf2_sha256$150000$ay8gwKPU2tY8$OA8wod+e912SWfZJS1Z5y0D/AESnzKp9tyhmuBDSo74=", "last_login": null, "is_superuser": false, "username": "+8801747162600", "is_staff": false, "is_active": true, "date_joined": "2019-12-08T07:02:31.406Z", "user_type": "CM", "user_image": "", "mobile_number": "+8801747162600", "first_name": "space", "last_name": "space", "email": "ashiqur.sajib@yahoo.com", "user_NID": null, "ref_code": null, "pin_code": null, "created_on": "2019-12-08T07:02:31.406Z", "modified_on": null, "is_approved": true, "groups": [], "user_permissions": []}}, {"model": "userProfile.userprofile", "pk": 8, "fields": {"password": "pbkdf2_sha256$150000$LkXg3CXnYDfe$zix7DtkHMxXm8jZSd0kglN/PkQOAuVYzcz3DHMkV43Q=", "last_login": null, "is_superuser": false, "username": "+8801521202936", "is_staff": false, "is_active": true, "date_joined": "2019-12-11T10:37:24.287Z", "user_type": "CM", "user_image": "", "mobile_number": "+8801521202936", "first_name": "sani", "last_name": "sani", "email": "sk@yahoo.com", "user_NID": null, "ref_code": null, "pin_code": null, "created_on": "2019-12-11T10:37:24.287Z", "modified_on": null, "is_approved": true, "groups": [], "user_permissions": []}}, {"model": "userProfile.userprofile", "pk": 9, "fields": {"password": "pbkdf2_sha256$150000$26wUzMqocOHi$nYhG32z7I0FgX+PCu0kN9j044WOvjsdWTuUwYBhX30Y=", "last_login": null, "is_superuser": false, "username": "+8801958541354", "is_staff": false, "is_active": true, "date_joined": "2019-12-17T11:39:08.408Z", "user_type": "CM", "user_image": "", "mobile_number": "+8801958541354", "first_name": "testbony", "last_name": "testbony", "email": "bony@finder-lbs.com", "user_NID": null, "ref_code": null, "pin_code": null, "created_on": "2019-12-17T11:39:08.408Z", "modified_on": null, "is_approved": true, "groups": [], "user_permissions": []}}, {"model": "userProfile.userprofile", "pk": 10, "fields": {"password": "pbkdf2_sha256$150000$uKzcgBAkp4Me$V/f8r6Oj8yOv65ZIgRvYCtZVoXvlxn2ihDRl2EGKh5s=", "last_login": null, "is_superuser": false, "username": "+88001790103057", "is_staff": false, "is_active": true, "date_joined": "2019-12-22T04:21:46Z", "user_type": "PD", "user_image": "", "mobile_number": "+88001790103057", "first_name": "Space", "last_name": "Space", "email": "asphelt10@gmail.com", "user_NID": "26385766860796070", "ref_code": null, "pin_code": null, "created_on": "2019-12-22T04:21:46Z", "modified_on": null, "is_approved": true, "groups": [], "user_permissions": []}}, {"model": "order.historicalorder", "pk": 1, "fields": {"id": 1, "created_on": "2019-12-09T03:53:00.993Z", "modified_on": "2019-12-09T03:53:00.993Z", "delivery_date_time": "2019-12-09T03:53:00.993Z", "delivery_place": "Unknown location", "order_total_price": 75.0, "lat": 23.7936998940334, "long": 90.4066000878811, "order_status": "OD", "home_delivery": true, "order_type": "FP", "contact_number": "+8801747162600", "created_by": null, "modified_by": null, "user": 7, "address": null, "history_date": "2019-12-09T03:53:00.996Z", "history_change_reason": null, "history_type": "+", "history_user": 7}}, {"model": "order.historicalorder", "pk": 2, "fields": {"id": 1, "created_on": "2019-12-11T08:22:25.835Z", "modified_on": "2019-12-11T08:22:25.835Z", "delivery_date_time": "2019-12-11T08:22:25.835Z", "delivery_place": "Unknown location", "order_total_price": 75.0, "lat": 23.7936998940334, "long": 90.4066000878811, "order_status": "OA", "home_delivery": true, "order_type": "FP", "contact_number": "+8801747162600", "created_by": null, "modified_by": null, "user": 7, "address": null, "history_date": "2019-12-11T08:22:25.837Z", "history_change_reason": null, "history_type": "~", "history_user": 5}}, {"model": "order.historicalorder", "pk": 3, "fields": {"id": 2, "created_on": "2019-12-17T12:10:09.927Z", "modified_on": "2019-12-17T12:10:09.927Z", "delivery_date_time": "2019-12-17T12:10:09.927Z", "delivery_place": "26 Ring Rd, Dhaka, Bangladesh", "order_total_price": 300.0, "lat": 23.7720453212212, "long": 90.3598709776998, "order_status": "OD", "home_delivery": true, "order_type": "FP", "contact_number": "+8801958541354", "created_by": null, "modified_by": null, "user": 9, "address": null, "history_date": "2019-12-17T12:10:09.940Z", "history_change_reason": null, "history_type": "+", "history_user": 9}}, {"model": "order.historicalorder", "pk": 4, "fields": {"id": 3, "created_on": "2019-12-17T12:26:04.299Z", "modified_on": "2019-12-17T12:26:04.299Z", "delivery_date_time": "2019-12-17T12:26:04.299Z", "delivery_place": "Agargaon, Dhaka, Bangladesh", "order_total_price": 440.0, "lat": 23.7802665741725, "long": 90.3680832311511, "order_status": "OD", "home_delivery": true, "order_type": "FP", "contact_number": "+8801958541354", "created_by": null, "modified_by": null, "user": 9, "address": null, "history_date": "2019-12-17T12:26:04.301Z", "history_change_reason": null, "history_type": "+", "history_user": 9}}, {"model": "order.historicalorder", "pk": 5, "fields": {"id": 2, "created_on": "2019-12-22T04:55:02.694Z", "modified_on": "2019-12-22T04:55:02.694Z", "delivery_date_time": "2019-12-22T04:55:02.694Z", "delivery_place": "26 Ring Rd, Dhaka, Bangladesh", "order_total_price": 300.0, "lat": 23.7720453212212, "long": 90.3598709776998, "order_status": "OA", "home_delivery": true, "order_type": "FP", "contact_number": "+8801958541354", "created_by": null, "modified_by": null, "user": 9, "address": null, "history_date": "2019-12-22T04:55:02.696Z", "history_change_reason": null, "history_type": "~", "history_user": 5}}, {"model": "order.historicalorder", "pk": 6, "fields": {"id": 3, "created_on": "2019-12-22T04:55:04.278Z", "modified_on": "2019-12-22T04:55:04.278Z", "delivery_date_time": "2019-12-22T04:55:04.278Z", "delivery_place": "Agargaon, Dhaka, Bangladesh", "order_total_price": 440.0, "lat": 23.7802665741725, "long": 90.3680832311511, "order_status": "OA", "home_delivery": true, "order_type": "FP", "contact_number": "+8801958541354", "created_by": null, "modified_by": null, "user": 9, "address": null, "history_date": "2019-12-22T04:55:04.286Z", "history_change_reason": null, "history_type": "~", "history_user": 5}}, {"model": "order.order", "pk": 1, "fields": {"created_on": "2019-12-11T08:22:25.835Z", "created_by": null, "modified_on": "2019-12-11T08:22:25.835Z", "modified_by": null, "user": 7, "delivery_date_time": "2019-12-11T08:22:25.835Z", "delivery_place": "Unknown location", "order_total_price": 75.0, "lat": 23.7936998940334, "long": 90.4066000878811, "order_status": "OA", "home_delivery": true, "address": null, "order_type": "FP", "contact_number": "+8801747162600"}}, {"model": "order.order", "pk": 2, "fields": {"created_on": "2019-12-22T04:55:02.694Z", "created_by": null, "modified_on": "2019-12-22T04:55:02.694Z", "modified_by": null, "user": 9, "delivery_date_time": "2019-12-22T04:55:02.694Z", "delivery_place": "26 Ring Rd, Dhaka, Bangladesh", "order_total_price": 300.0, "lat": 23.7720453212212, "long": 90.3598709776998, "order_status": "OA", "home_delivery": true, "address": null, "order_type": "FP", "contact_number": "+8801958541354"}}, {"model": "order.order", "pk": 3, "fields": {"created_on": "2019-12-22T04:55:04.278Z", "created_by": null, "modified_on": "2019-12-22T04:55:04.278Z", "modified_by": null, "user": 9, "delivery_date_time": "2019-12-22T04:55:04.278Z", "delivery_place": "Agargaon, Dhaka, Bangladesh", "order_total_price": 440.0, "lat": 23.7802665741725, "long": 90.3680832311511, "order_status": "OA", "home_delivery": true, "address": null, "order_type": "FP", "contact_number": "+8801958541354"}}, {"model": "order.historicalorderproduct", "pk": 1, "fields": {"id": 1, "created_on": "2019-12-09T03:53:01.195Z", "modified_on": "2019-12-09T03:53:01.195Z", "order_product_price": 75.0, "order_product_qty": 1.0, "created_by": null, "modified_by": null, "product": 6, "order": 1, "history_date": "2019-12-09T03:53:01.198Z", "history_change_reason": null, "history_type": "+", "history_user": 7}}, {"model": "order.historicalorderproduct", "pk": 2, "fields": {"id": 2, "created_on": "2019-12-17T12:10:10.124Z", "modified_on": "2019-12-17T12:10:10.124Z", "order_product_price": 75.0, "order_product_qty": 4.0, "created_by": null, "modified_by": null, "product": 6, "order": 2, "history_date": "2019-12-17T12:10:10.130Z", "history_change_reason": null, "history_type": "+", "history_user": 9}}, {"model": "order.historicalorderproduct", "pk": 3, "fields": {"id": 3, "created_on": "2019-12-17T12:26:04.445Z", "modified_on": "2019-12-17T12:26:04.445Z", "order_product_price": 110.0, "order_product_qty": 2.0, "created_by": null, "modified_by": null, "product": 7, "order": 3, "history_date": "2019-12-17T12:26:04.447Z", "history_change_reason": null, "history_type": "+", "history_user": 9}}, {"model": "order.historicalorderproduct", "pk": 4, "fields": {"id": 4, "created_on": "2019-12-17T12:26:04.454Z", "modified_on": "2019-12-17T12:26:04.454Z", "order_product_price": 110.0, "order_product_qty": 2.0, "created_by": null, "modified_by": null, "product": 8, "order": 3, "history_date": "2019-12-17T12:26:04.455Z", "history_change_reason": null, "history_type": "+", "history_user": 9}}, {"model": "order.orderproduct", "pk": 1, "fields": {"created_on": "2019-12-09T03:53:01.195Z", "created_by": null, "modified_on": "2019-12-09T03:53:01.195Z", "modified_by": null, "product": 6, "order": 1, "order_product_price": 75.0, "order_product_qty": 1.0}}, {"model": "order.orderproduct", "pk": 2, "fields": {"created_on": "2019-12-17T12:10:10.124Z", "created_by": null, "modified_on": "2019-12-17T12:10:10.124Z", "modified_by": null, "product": 6, "order": 2, "order_product_price": 75.0, "order_product_qty": 4.0}}, {"model": "order.orderproduct", "pk": 3, "fields": {"created_on": "2019-12-17T12:26:04.445Z", "created_by": null, "modified_on": "2019-12-17T12:26:04.445Z", "modified_by": null, "product": 7, "order": 3, "order_product_price": 110.0, "order_product_qty": 2.0}}, {"model": "order.orderproduct", "pk": 4, "fields": {"created_on": "2019-12-17T12:26:04.454Z", "created_by": null, "modified_on": "2019-12-17T12:26:04.454Z", "modified_by": null, "product": 8, "order": 3, "order_product_price": 110.0, "order_product_qty": 2.0}}, {"model": "producer.historicalproducerbulkrequest", "pk": 1, "fields": {"id": 1, "created_on": "2019-12-08T09:04:44.914Z", "modified_on": "2019-12-08T09:04:44.914Z", "product_name": "Potato", "product_image": "producer/product/vegetables.jpeg", "production_time": "2019-12-31T09:02:10Z", "unit_price": 10000.0, "quantity": 100.0, "is_approved": false, "general_price": 100.0, "general_qty": 100.0, "offer_price": 90.0, "offer_qty": 20.0, "status": "Pending", "created_by": null, "modified_by": null, "user": 1, "product_category": 1, "unit": 1, "general_unit": 1, "offer_unit": 1, "history_date": "2019-12-08T09:04:44.917Z", "history_change_reason": null, "history_type": "+", "history_user": 1}}, {"model": "producer.historicalproducerbulkrequest", "pk": 2, "fields": {"id": 2, "created_on": "2019-12-08T09:08:54.638Z", "modified_on": "2019-12-08T09:08:54.638Z", "product_name": "Spinach", "product_image": "producer/product/spinach.jpeg", "production_time": "2019-12-31T09:08:34Z", "unit_price": 20.0, "quantity": 100.0, "is_approved": true, "general_price": null, "general_qty": null, "offer_price": null, "offer_qty": null, "status": "Accepted", "created_by": null, "modified_by": null, "user": 1, "product_category": 3, "unit": 1, "general_unit": null, "offer_unit": null, "history_date": "2019-12-08T09:08:54.640Z", "history_change_reason": null, "history_type": "+", "history_user": 1}}, {"model": "producer.historicalproducerbulkrequest", "pk": 3, "fields": {"id": 1, "created_on": "2019-12-08T09:09:10.997Z", "modified_on": "2019-12-08T09:09:10.997Z", "product_name": "Potato", "product_image": "producer/product/vegetables.jpeg", "production_time": "2019-12-31T09:02:10Z", "unit_price": 10000.0, "quantity": 100.0, "is_approved": true, "general_price": 100.0, "general_qty": 100.0, "offer_price": 90.0, "offer_qty": 20.0, "status": "Accepted", "created_by": null, "modified_by": null, "user": 1, "product_category": 1, "unit": 1, "general_unit": 1, "offer_unit": 1, "history_date": "2019-12-08T09:09:11.001Z", "history_change_reason": null, "history_type": "~", "history_user": 1}}, {"model": "producer.historicalproducerbulkrequest", "pk": 4, "fields": {"id": 3, "created_on": "2019-12-22T04:25:46.026Z", "modified_on": "2019-12-22T04:25:46.026Z", "product_name": "beej", "product_image": "producer/product/JPEG_20191222_102533.jpg", "production_time": "2019-11-22T13:14:53.679Z", "unit_price": 200.0, "quantity": 100.0, "is_approved": false, "general_price": null, "general_qty": null, "offer_price": null, "offer_qty": null, "status": "Pending", "created_by": null, "modified_by": null, "user": 10, "product_category": 1, "unit": 1, "general_unit": null, "offer_unit": null, "history_date": "2019-12-22T04:25:46.029Z", "history_change_reason": null, "history_type": "+", "history_user": 10}}, {"model": "producer.historicalproducerbulkrequest", "pk": 5, "fields": {"id": 3, "created_on": "2019-12-22T04:25:46.031Z", "modified_on": "2019-12-22T04:25:46.031Z", "product_name": "beej", "product_image": "producer/product/JPEG_20191222_102533.jpg", "production_time": "2019-11-22T13:14:53.679Z", "unit_price": 200.0, "quantity": 100.0, "is_approved": false, "general_price": null, "general_qty": null, "offer_price": null, "offer_qty": null, "status": "Pending", "created_by": 10, "modified_by": null, "user": 10, "product_category": 1, "unit": 1, "general_unit": null, "offer_unit": null, "history_date": "2019-12-22T04:25:46.032Z", "history_change_reason": null, "history_type": "~", "history_user": 10}}, {"model": "producer.historicalproducerbulkrequest", "pk": 6, "fields": {"id": 3, "created_on": "2019-12-22T04:26:43.961Z", "modified_on": "2019-12-22T04:26:43.961Z", "product_name": "beej", "product_image": "producer/product/JPEG_20191222_102533.jpg", "production_time": "2019-11-22T13:14:53Z", "unit_price": 200.0, "quantity": 100.0, "is_approved": true, "general_price": null, "general_qty": null, "offer_price": null, "offer_qty": null, "status": "Accepted", "created_by": 10, "modified_by": null, "user": 10, "product_category": 1, "unit": 1, "general_unit": null, "offer_unit": null, "history_date": "2019-12-22T04:26:43.962Z", "history_change_reason": null, "history_type": "~", "history_user": 1}}, {"model": "producer.historicalproducerbulkrequest", "pk": 7, "fields": {"id": 3, "created_on": "2019-12-22T04:50:57.015Z", "modified_on": "2019-12-22T04:50:57.015Z", "product_name": "beej", "product_image": "producer/product/vegetables.jpeg", "production_time": "2019-11-22T13:14:53Z", "unit_price": 200.0, "quantity": 100.0, "is_approved": true, "general_price": null, "general_qty": null, "offer_price": null, "offer_qty": null, "status": "Accepted", "created_by": 10, "modified_by": null, "user": 10, "product_category": 1, "unit": 1, "general_unit": null, "offer_unit": null, "history_date": "2019-12-22T04:50:57.018Z", "history_change_reason": null, "history_type": "~", "history_user": 1}}, {"model": "producer.producerbulkrequest", "pk": 1, "fields": {"created_on": "2019-12-08T09:09:10.997Z", "created_by": null, "modified_on": "2019-12-08T09:09:10.997Z", "modified_by": null, "user": 1, "product_name": "Potato", "product_image": "producer/product/vegetables.jpeg", "product_category": 1, "unit": 1, "production_time": "2019-12-31T09:02:10Z", "unit_price": 10000.0, "quantity": 100.0, "is_approved": true, "general_price": 100.0, "general_qty": 100.0, "general_unit": 1, "offer_price": 90.0, "offer_qty": 20.0, "offer_unit": 1, "status": "Accepted"}}, {"model": "producer.producerbulkrequest", "pk": 2, "fields": {"created_on": "2019-12-08T09:08:54.638Z", "created_by": null, "modified_on": "2019-12-08T09:08:54.638Z", "modified_by": null, "user": 1, "product_name": "Spinach", "product_image": "producer/product/spinach.jpeg", "product_category": 3, "unit": 1, "production_time": "2019-12-31T09:08:34Z", "unit_price": 20.0, "quantity": 100.0, "is_approved": true, "general_price": null, "general_qty": null, "general_unit": null, "offer_price": null, "offer_qty": null, "offer_unit": null, "status": "Accepted"}}, {"model": "producer.producerbulkrequest", "pk": 3, "fields": {"created_on": "2019-12-22T04:50:57.015Z", "created_by": 10, "modified_on": "2019-12-22T04:50:57.015Z", "modified_by": null, "user": 10, "product_name": "beej", "product_image": "producer/product/vegetables.jpeg", "product_category": 1, "unit": 1, "production_time": "2019-11-22T13:14:53Z", "unit_price": 200.0, "quantity": 100.0, "is_approved": true, "general_price": null, "general_qty": null, "general_unit": null, "offer_price": null, "offer_qty": null, "offer_unit": null, "status": "Accepted"}}, {"model": "producer.historicalbusinesstype", "pk": 1, "fields": {"id": 1, "created_on": "2019-12-22T04:59:42.317Z", "modified_on": "2019-12-22T04:59:42.317Z", "business_type": "Grocery", "created_by": null, "modified_by": null, "history_date": "2019-12-22T04:59:42.318Z", "history_change_reason": null, "history_type": "+", "history_user": 1}}, {"model": "producer.historicalbusinesstype", "pk": 2, "fields": {"id": 2, "created_on": "2019-12-22T04:59:54.589Z", "modified_on": "2019-12-22T04:59:54.589Z", "business_type": "Fruits", "created_by": null, "modified_by": null, "history_date": "2019-12-22T04:59:54.594Z", "history_change_reason": null, "history_type": "+", "history_user": 1}}, {"model": "producer.businesstype", "pk": 1, "fields": {"created_on": "2019-12-22T04:59:42.317Z", "created_by": null, "modified_on": "2019-12-22T04:59:42.317Z", "modified_by": null, "business_type": "Grocery"}}, {"model": "producer.businesstype", "pk": 2, "fields": {"created_on": "2019-12-22T04:59:54.589Z", "created_by": null, "modified_on": "2019-12-22T04:59:54.589Z", "modified_by": null, "business_type": "Fruits"}}, {"model": "producer.historicalproducerbusiness", "pk": 1, "fields": {"id": 1, "created_on": "2019-12-22T05:41:38.688Z", "modified_on": "2019-12-22T05:41:38.688Z", "business_image": "producer/business/JPEG_20191222_114130.jpg", "total_employees": 20, "land_amount": "20", "lat": 23.7936998940334, "long": 90.4066000878811, "productbusiness_geopoint": "SRID=4326;POINT (90.40660008788109 23.79369989403341)", "address": "Unknown location", "is_approved": false, "created_by": null, "modified_by": null, "user": 10, "business_type": 1, "history_date": "2019-12-22T05:41:38.708Z", "history_change_reason": null, "history_type": "+", "history_user": 10}}, {"model": "producer.historicalproducerbusiness", "pk": 2, "fields": {"id": 1, "created_on": "2019-12-22T05:41:38.711Z", "modified_on": "2019-12-22T05:41:38.711Z", "business_image": "producer/business/JPEG_20191222_114130.jpg", "total_employees": 20, "land_amount": "20", "lat": 23.7936998940334, "long": 90.4066000878811, "productbusiness_geopoint": "SRID=4326;POINT (90.40660008788109 23.79369989403341)", "address": "Unknown location", "is_approved": false, "created_by": 10, "modified_by": null, "user": 10, "business_type": 1, "history_date": "2019-12-22T05:41:38.713Z", "history_change_reason": null, "history_type": "~", "history_user": 10}}, {"model": "producer.producerbusiness", "pk": 1, "fields": {"created_on": "2019-12-22T05:41:38.711Z", "created_by": 10, "modified_on": "2019-12-22T05:41:38.711Z", "modified_by": null, "user": 10, "business_image": "producer/business/JPEG_20191222_114130.jpg", "business_type": 1, "total_employees": 20, "land_amount": "20", "lat": 23.7936998940334, "long": 90.4066000878811, "productbusiness_geopoint": "SRID=4326;POINT (90.40660008788109 23.79369989403341)", "address": "Unknown location", "is_approved": false}}, {"model": "producer.bulkorder", "pk": 1, "fields": {"created_on": "2019-12-10T05:19:10.179Z", "created_by": null, "modified_on": "2019-12-10T05:19:10.179Z", "modified_by": null, "user": 1, "expire_date": "2020-02-29T05:19:02Z", "start_date": "2019-12-10T05:19:05Z", "hex_code": null}}, {"model": "producer.bulkorderproducts", "pk": 1, "fields": {"created_on": "2019-12-10T05:19:51.874Z", "created_by": null, "modified_on": "2019-12-10T05:19:51.874Z", "modified_by": null, "product": 2, "bulk_order": 1, "general_price": 100.0, "offer_price": 90.0, "target_qty": "20.00", "max_qty": "5.00", "unit": 1}}, {"model": "producer.bulkorderproducts", "pk": 2, "fields": {"created_on": "2019-12-10T05:20:29.310Z", "created_by": null, "modified_on": "2019-12-10T05:20:29.310Z", "modified_by": null, "product": 1, "bulk_order": 1, "general_price": 20.0, "offer_price": 18.0, "target_qty": "100.00", "max_qty": "10.00", "unit": 1}}, {"model": "retailer.historicalshop", "pk": 1, "fields": {"id": 1, "created_on": "2019-12-29T08:19:33.364Z", "modified_on": "2019-12-29T08:19:33.364Z", "shop_name": "SK Store", "shop_lat": 23.7937, "shop_long": 90.4066, "shop_geopoint": "SRID=4326;POINT (90.4066 23.7937)", "shop_address": "Banani", "shop_image": "", "shop_licence": null, "shop_website": null, "shop_open_time": "18:00:00", "shop_close_time": "06:00:00", "is_approved": true, "created_by": null, "modified_by": null, "user": 3, "shop_type": 4, "history_date": "2019-12-29T08:19:34.962Z", "history_change_reason": null, "history_type": "+", "history_user": 1}}, {"model": "retailer.historicalshop", "pk": 2, "fields": {"id": 1, "created_on": "2019-12-29T08:49:38.887Z", "modified_on": "2019-12-29T08:49:38.887Z", "shop_name": "SK Store", "shop_lat": 23.7937, "shop_long": 90.4066, "shop_geopoint": "SRID=4326;POINT (90.4066 23.7937)", "shop_address": "Banani", "shop_image": "", "shop_licence": null, "shop_website": null, "shop_open_time": "18:00:00", "shop_close_time": "06:00:00", "is_approved": true, "created_by": null, "modified_by": null, "user": 3, "shop_type": 4, "history_date": "2019-12-29T08:49:38.890Z", "history_change_reason": null, "history_type": "~", "history_user": 1}}, {"model": "retailer.historicalshop", "pk": 3, "fields": {"id": 1, "created_on": "2019-12-29T08:51:46.346Z", "modified_on": "2019-12-29T08:51:46.346Z", "shop_name": "SK Store", "shop_lat": 23.7937, "shop_long": 90.4066, "shop_geopoint": "SRID=4326;POINT (90.4066 23.7937)", "shop_address": "Banani", "shop_image": "", "shop_licence": null, "shop_website": null, "shop_open_time": "18:00:00", "shop_close_time": "06:00:00", "is_approved": true, "created_by": null, "modified_by": null, "user": 3, "shop_type": 4, "history_date": "2019-12-29T08:51:46.349Z", "history_change_reason": null, "history_type": "~", "history_user": 1}}, {"model": "retailer.historicalshop", "pk": 4, "fields": {"id": 2, "created_on": "2019-12-29T09:50:19.280Z", "modified_on": "2019-12-29T09:50:19.280Z", "shop_name": "SK 2 store", "shop_lat": 68.9809, "shop_long": 47.9809, "shop_geopoint": "SRID=4326;POINT (47.9809 68.98090000000001)", "shop_address": "iugiu", "shop_image": "", "shop_licence": "96897", "shop_website": "oho", "shop_open_time": "15:15:00", "shop_close_time": "16:21:00", "is_approved": true, "created_by": 1, "modified_by": null, "user": 1, "shop_type": 1, "history_date": "2019-12-29T09:50:19.306Z", "history_change_reason": null, "history_type": "+", "history_user": 1}}, {"model": "retailer.historicalshop", "pk": 5, "fields": {"id": 2, "created_on": "2019-12-29T09:50:19.308Z", "modified_on": "2019-12-29T09:50:19.308Z", "shop_name": "SK 2 store", "shop_lat": 68.9809, "shop_long": 47.9809, "shop_geopoint": "SRID=4326;POINT (47.9809 68.98090000000001)", "shop_address": "iugiu", "shop_image": "", "shop_licence": "96897", "shop_website": "oho", "shop_open_time": "15:15:00", "shop_close_time": "16:21:00", "is_approved": true, "created_by": 1, "modified_by": null, "user": 1, "shop_type": 1, "history_date": "2019-12-29T09:50:19.310Z", "history_change_reason": null, "history_type": "~", "history_user": 1}}, {"model": "retailer.shop", "pk": 1, "fields": {"created_on": "2019-12-29T08:51:46.346Z", "created_by": null, "modified_on": "2019-12-29T08:51:46.346Z", "modified_by": null, "user": 3, "shop_name": "SK Store", "shop_type": 4, "shop_lat": 23.7937, "shop_long": 90.4066, "shop_geopoint": "SRID=4326;POINT (90.4066 23.7937)", "shop_address": "Banani", "shop_image": "", "shop_licence": null, "shop_website": null, "shop_open_time": "18:00:00", "shop_close_time": "06:00:00", "is_approved": true, "product": [1, 2, 3, 4, 5]}}, {"model": "retailer.shop", "pk": 2, "fields": {"created_on": "2019-12-29T09:50:19.308Z", "created_by": 1, "modified_on": "2019-12-29T09:50:19.308Z", "modified_by": null, "user": 1, "shop_name": "SK 2 store", "shop_type": 1, "shop_lat": 68.9809, "shop_long": 47.9809, "shop_geopoint": "SRID=4326;POINT (47.9809 68.98090000000001)", "shop_address": "iugiu", "shop_image": "", "shop_licence": "96897", "shop_website": "oho", "shop_open_time": "15:15:00", "shop_close_time": "16:21:00", "is_approved": true, "product": [1, 2, 3, 4, 5, 6, 7, 8]}}, {"model": "retailer.historicalacceptedorder", "pk": 1, "fields": {"id": 1, "created_on": "2019-12-11T08:22:25.843Z", "modified_on": "2019-12-11T08:22:25.843Z", "created_by": null, "modified_by": null, "user": 5, "shop": null, "order": 1, "order_product": null, "history_date": "2019-12-11T08:22:25.846Z", "history_change_reason": null, "history_type": "+", "history_user": 5}}, {"model": "retailer.historicalacceptedorder", "pk": 2, "fields": {"id": 2, "created_on": "2019-12-22T04:55:02.698Z", "modified_on": "2019-12-22T04:55:02.698Z", "created_by": null, "modified_by": null, "user": 5, "shop": null, "order": 2, "order_product": null, "history_date": "2019-12-22T04:55:02.700Z", "history_change_reason": null, "history_type": "+", "history_user": 5}}, {"model": "retailer.historicalacceptedorder", "pk": 3, "fields": {"id": 3, "created_on": "2019-12-22T04:55:04.289Z", "modified_on": "2019-12-22T04:55:04.289Z", "created_by": null, "modified_by": null, "user": 5, "shop": null, "order": 3, "order_product": null, "history_date": "2019-12-22T04:55:04.290Z", "history_change_reason": null, "history_type": "+", "history_user": 5}}, {"model": "retailer.acceptedorder", "pk": 1, "fields": {"created_on": "2019-12-11T08:22:25.843Z", "created_by": null, "modified_on": "2019-12-11T08:22:25.843Z", "modified_by": null, "user": 5, "shop": 1, "order": 1, "order_product": null}}, {"model": "retailer.acceptedorder", "pk": 2, "fields": {"created_on": "2019-12-22T04:55:02.698Z", "created_by": null, "modified_on": "2019-12-22T04:55:02.698Z", "modified_by": null, "user": 5, "shop": 1, "order": 2, "order_product": null}}, {"model": "retailer.acceptedorder", "pk": 3, "fields": {"created_on": "2019-12-22T04:55:04.289Z", "created_by": null, "modified_on": "2019-12-22T04:55:04.289Z", "modified_by": null, "user": 5, "shop": 1, "order": 3, "order_product": null}}, {"model": "product.historicalshopcategory", "pk": 1, "fields": {"id": 1, "created_on": "2019-12-05T05:33:09.273Z", "modified_on": "2019-12-05T05:33:09.273Z", "type_of_shop": "Grocery Shop", "created_by": null, "modified_by": 1, "history_date": "2019-12-05T05:33:09.274Z", "history_change_reason": null, "history_type": "+", "history_user": 1}}, {"model": "product.historicalshopcategory", "pk": 2, "fields": {"id": 2, "created_on": "2019-12-05T05:33:27.694Z", "modified_on": "2019-12-05T05:33:27.694Z", "type_of_shop": "Vegetable Shop", "created_by": null, "modified_by": 1, "history_date": "2019-12-05T05:33:27.696Z", "history_change_reason": null, "history_type": "+", "history_user": 1}}, {"model": "product.historicalshopcategory", "pk": 3, "fields": {"id": 3, "created_on": "2019-12-05T05:33:35.011Z", "modified_on": "2019-12-05T05:33:35.011Z", "type_of_shop": "Mea", "created_by": null, "modified_by": 1, "history_date": "2019-12-05T05:33:35.012Z", "history_change_reason": null, "history_type": "+", "history_user": 1}}, {"model": "product.historicalshopcategory", "pk": 4, "fields": {"id": 3, "created_on": "2019-12-05T05:33:49.886Z", "modified_on": "2019-12-05T05:33:49.886Z", "type_of_shop": "Meat Shop", "created_by": null, "modified_by": 1, "history_date": "2019-12-05T05:33:49.887Z", "history_change_reason": null, "history_type": "~", "history_user": 1}}, {"model": "product.historicalshopcategory", "pk": 5, "fields": {"id": 4, "created_on": "2019-12-05T05:34:07.143Z", "modified_on": "2019-12-05T05:34:07.143Z", "type_of_shop": "General Shop", "created_by": null, "modified_by": 1, "history_date": "2019-12-05T05:34:07.144Z", "history_change_reason": null, "history_type": "+", "history_user": 1}}, {"model": "product.historicalshopcategory", "pk": 6, "fields": {"id": 5, "created_on": "2019-12-08T05:43:16.584Z", "modified_on": "2019-12-08T05:43:16.584Z", "type_of_shop": "Electronics Shop", "created_by": null, "modified_by": 1, "history_date": "2019-12-08T05:43:16.585Z", "history_change_reason": null, "history_type": "+", "history_user": 1}}, {"model": "product.shopcategory", "pk": 1, "fields": {"created_on": "2019-12-05T05:33:09.273Z", "created_by": null, "modified_on": "2019-12-05T05:33:09.273Z", "modified_by": 1, "type_of_shop": "Grocery Shop"}}, {"model": "product.shopcategory", "pk": 2, "fields": {"created_on": "2019-12-05T05:33:27.694Z", "created_by": null, "modified_on": "2019-12-05T05:33:27.694Z", "modified_by": 1, "type_of_shop": "Vegetable Shop"}}, {"model": "product.shopcategory", "pk": 3, "fields": {"created_on": "2019-12-05T05:33:49.886Z", "created_by": null, "modified_on": "2019-12-05T05:33:49.886Z", "modified_by": 1, "type_of_shop": "Meat Shop"}}, {"model": "product.shopcategory", "pk": 4, "fields": {"created_on": "2019-12-05T05:34:07.143Z", "created_by": null, "modified_on": "2019-12-05T05:34:07.143Z", "modified_by": 1, "type_of_shop": "General Shop"}}, {"model": "product.shopcategory", "pk": 5, "fields": {"created_on": "2019-12-08T05:43:16.584Z", "created_by": null, "modified_on": "2019-12-08T05:43:16.584Z", "modified_by": 1, "type_of_shop": "Electronics Shop"}}, {"model": "product.historicalproductcategory", "pk": 1, "fields": {"id": 1, "created_on": "2019-12-05T05:29:50.720Z", "modified_on": "2019-12-05T05:29:50.720Z", "type_of_product": "Grocery", "img": "pictures/productcategory/grocery.jpg", "created_by": null, "modified_by": null, "history_date": "2019-12-05T05:29:50.727Z", "history_change_reason": null, "history_type": "+", "history_user": 1}}, {"model": "product.historicalproductcategory", "pk": 2, "fields": {"id": 2, "created_on": "2019-12-05T05:30:10.200Z", "modified_on": "2019-12-05T05:30:10.200Z", "type_of_product": "Meat", "img": "pictures/productcategory/meat.jpeg", "created_by": null, "modified_by": null, "history_date": "2019-12-05T05:30:10.203Z", "history_change_reason": null, "history_type": "+", "history_user": 1}}, {"model": "product.historicalproductcategory", "pk": 3, "fields": {"id": 3, "created_on": "2019-12-05T05:31:05.882Z", "modified_on": "2019-12-05T05:31:05.882Z", "type_of_product": "Vegetable", "img": "pictures/productcategory/vegetables.jpeg", "created_by": null, "modified_by": null, "history_date": "2019-12-05T05:31:05.884Z", "history_change_reason": null, "history_type": "+", "history_user": 1}}, {"model": "product.historicalproductcategory", "pk": 4, "fields": {"id": 3, "created_on": "2019-12-08T09:13:20.120Z", "modified_on": "2019-12-08T09:13:20.120Z", "type_of_product": "Vegetable", "img": "pictures/productcategory/vegetables.jpeg", "created_by": null, "modified_by": null, "history_date": "2019-12-08T09:13:20.121Z", "history_change_reason": null, "history_type": "~", "history_user": 1}}, {"model": "product.historicalproductcategory", "pk": 5, "fields": {"id": 2, "created_on": "2019-12-08T09:13:33.214Z", "modified_on": "2019-12-08T09:13:33.214Z", "type_of_product": "Meat", "img": "pictures/productcategory/meat.jpeg", "created_by": null, "modified_by": null, "history_date": "2019-12-08T09:13:33.215Z", "history_change_reason": null, "history_type": "~", "history_user": 1}}, {"model": "product.productcategory", "pk": 1, "fields": {"created_on": "2019-12-05T05:29:50.720Z", "created_by": null, "modified_on": "2019-12-05T05:29:50.720Z", "modified_by": null, "type_of_product": "Grocery", "img": "pictures/productcategory/grocery.jpg"}}, {"model": "product.productcategory", "pk": 2, "fields": {"created_on": "2019-12-08T09:13:33.214Z", "created_by": null, "modified_on": "2019-12-08T09:13:33.214Z", "modified_by": null, "type_of_product": "Meat", "img": "pictures/productcategory/meat.jpeg"}}, {"model": "product.productcategory", "pk": 3, "fields": {"created_on": "2019-12-08T09:13:20.120Z", "created_by": null, "modified_on": "2019-12-08T09:13:20.120Z", "modified_by": null, "type_of_product": "Vegetable", "img": "pictures/productcategory/vegetables.jpeg"}}, {"model": "product.historicalproductmeta", "pk": 1, "fields": {"id": 1, "created_on": "2019-12-05T05:42:03.375Z", "modified_on": "2019-12-05T05:42:03.375Z", "name": "Rice", "img": "pictures/productmeta/miniket.jpg", "created_by": null, "modified_by": null, "product_category": 1, "shop_category": 1, "history_date": "2019-12-05T05:42:03.377Z", "history_change_reason": null, "history_type": "+", "history_user": 1}}, {"model": "product.historicalproductmeta", "pk": 2, "fields": {"id": 2, "created_on": "2019-12-05T05:44:19.180Z", "modified_on": "2019-12-05T05:44:19.180Z", "name": "Dal", "img": "pictures/productmeta/dal.jpeg", "created_by": null, "modified_by": null, "product_category": 1, "shop_category": 1, "history_date": "2019-12-05T05:44:19.181Z", "history_change_reason": null, "history_type": "+", "history_user": 1}}, {"model": "product.historicalproductmeta", "pk": 3, "fields": {"id": 3, "created_on": "2019-12-05T05:44:42.664Z", "modified_on": "2019-12-05T05:44:42.664Z", "name": "Meat", "img": "pictures/productmeta/meat.jpeg", "created_by": null, "modified_by": null, "product_category": 2, "shop_category": 3, "history_date": "2019-12-05T05:44:42.666Z", "history_change_reason": null, "history_type": "+", "history_user": 1}}, {"model": "product.historicalproductmeta", "pk": 4, "fields": {"id": 4, "created_on": "2019-12-05T05:45:07.552Z", "modified_on": "2019-12-05T05:45:07.552Z", "name": "Vegetable", "img": "pictures/productmeta/vegetables.jpeg", "created_by": null, "modified_by": null, "product_category": 3, "shop_category": 2, "history_date": "2019-12-05T05:45:07.553Z", "history_change_reason": null, "history_type": "+", "history_user": 1}}, {"model": "product.historicalproductmeta", "pk": 5, "fields": {"id": 5, "created_on": "2019-12-05T05:52:32.087Z", "modified_on": "2019-12-05T05:52:32.087Z", "name": "Oil", "img": "pictures/productmeta/oil.jpeg", "created_by": null, "modified_by": null, "product_category": 1, "shop_category": 4, "history_date": "2019-12-05T05:52:32.088Z", "history_change_reason": null, "history_type": "+", "history_user": 1}}, {"model": "product.productmeta", "pk": 1, "fields": {"created_on": "2019-12-05T05:42:03.375Z", "created_by": null, "modified_on": "2019-12-05T05:42:03.375Z", "modified_by": null, "name": "Rice", "img": "pictures/productmeta/miniket.jpg", "product_category": 1, "shop_category": 1}}, {"model": "product.productmeta", "pk": 2, "fields": {"created_on": "2019-12-05T05:44:19.180Z", "created_by": null, "modified_on": "2019-12-05T05:44:19.180Z", "modified_by": null, "name": "Dal", "img": "pictures/productmeta/dal.jpeg", "product_category": 1, "shop_category": 1}}, {"model": "product.productmeta", "pk": 3, "fields": {"created_on": "2019-12-05T05:44:42.664Z", "created_by": null, "modified_on": "2019-12-05T05:44:42.664Z", "modified_by": null, "name": "Meat", "img": "pictures/productmeta/meat.jpeg", "product_category": 2, "shop_category": 3}}, {"model": "product.productmeta", "pk": 4, "fields": {"created_on": "2019-12-05T05:45:07.552Z", "created_by": null, "modified_on": "2019-12-05T05:45:07.552Z", "modified_by": null, "name": "Vegetable", "img": "pictures/productmeta/vegetables.jpeg", "product_category": 3, "shop_category": 2}}, {"model": "product.productmeta", "pk": 5, "fields": {"created_on": "2019-12-05T05:52:32.087Z", "created_by": null, "modified_on": "2019-12-05T05:52:32.087Z", "modified_by": null, "name": "Oil", "img": "pictures/productmeta/oil.jpeg", "product_category": 1, "shop_category": 4}}, {"model": "product.historicalproduct", "pk": 1, "fields": {"id": 1, "created_on": "2019-12-05T05:47:49.313Z", "modified_on": "2019-12-05T05:47:49.313Z", "product_name": "Miniket Rice", "product_image": "pictures/product/miniket.jpg", "product_price": null, "product_last_price": "0.00", "is_approved": true, "created_by": null, "modified_by": 1, "product_unit": 1, "product_meta": 1, "history_date": "2019-12-05T05:47:49.315Z", "history_change_reason": null, "history_type": "+", "history_user": 1}}, {"model": "product.historicalproduct", "pk": 2, "fields": {"id": 2, "created_on": "2019-12-05T05:48:27.576Z", "modified_on": "2019-12-05T05:48:27.576Z", "product_name": "Basmati Rice", "product_image": "pictures/product/bashmati.jpg", "product_price": "200.00", "product_last_price": "0.00", "is_approved": true, "created_by": null, "modified_by": 1, "product_unit": 1, "product_meta": 1, "history_date": "2019-12-05T05:48:27.578Z", "history_change_reason": null, "history_type": "+", "history_user": 1}}, {"model": "product.historicalproduct", "pk": 3, "fields": {"id": 3, "created_on": "2019-12-05T05:49:15.130Z", "modified_on": "2019-12-05T05:49:15.131Z", "product_name": "Dal", "product_image": "pictures/product/dal.jpeg", "product_price": "70.00", "product_last_price": "0.00", "is_approved": true, "created_by": null, "modified_by": 1, "product_unit": 1, "product_meta": 2, "history_date": "2019-12-05T05:49:15.132Z", "history_change_reason": null, "history_type": "+", "history_user": 1}}, {"model": "product.historicalproduct", "pk": 4, "fields": {"id": 4, "created_on": "2019-12-05T05:49:48.414Z", "modified_on": "2019-12-05T05:49:48.414Z", "product_name": "Cow Meat", "product_image": "pictures/product/cow_meat.jpeg", "product_price": "550.00", "product_last_price": "0.00", "is_approved": true, "created_by": null, "modified_by": 1, "product_unit": 1, "product_meta": 3, "history_date": "2019-12-05T05:49:48.416Z", "history_change_reason": null, "history_type": "+", "history_user": 1}}, {"model": "product.historicalproduct", "pk": 5, "fields": {"id": 5, "created_on": "2019-12-05T05:50:20.149Z", "modified_on": "2019-12-05T05:50:20.149Z", "product_name": "Chicken", "product_image": "pictures/product/chicken.jpeg", "product_price": null, "product_last_price": "0.00", "is_approved": true, "created_by": null, "modified_by": 1, "product_unit": 1, "product_meta": 3, "history_date": "2019-12-05T05:50:20.151Z", "history_change_reason": null, "history_type": "+", "history_user": 1}}, {"model": "product.historicalproduct", "pk": 6, "fields": {"id": 6, "created_on": "2019-12-05T05:51:23.518Z", "modified_on": "2019-12-05T05:51:23.518Z", "product_name": "ladies finger", "product_image": "pictures/product/ladies_finger.jpeg", "product_price": "75.00", "product_last_price": "0.00", "is_approved": true, "created_by": null, "modified_by": 1, "product_unit": 1, "product_meta": 4, "history_date": "2019-12-05T05:51:23.520Z", "history_change_reason": null, "history_type": "+", "history_user": 1}}, {"model": "product.historicalproduct", "pk": 7, "fields": {"id": 7, "created_on": "2019-12-05T05:53:14.689Z", "modified_on": "2019-12-05T05:53:14.689Z", "product_name": "O", "product_image": "pictures/product/oil.jpeg", "product_price": "110.00", "product_last_price": "0.00", "is_approved": false, "created_by": null, "modified_by": 1, "product_unit": 2, "product_meta": 5, "history_date": "2019-12-05T05:53:14.690Z", "history_change_reason": null, "history_type": "+", "history_user": 1}}, {"model": "product.historicalproduct", "pk": 8, "fields": {"id": 7, "created_on": "2019-12-05T05:53:37.906Z", "modified_on": "2019-12-05T05:53:37.906Z", "product_name": "Oil", "product_image": "pictures/product/oil.jpeg", "product_price": "110.00", "product_last_price": "0.00", "is_approved": true, "created_by": null, "modified_by": 1, "product_unit": 2, "product_meta": 5, "history_date": "2019-12-05T05:53:37.907Z", "history_change_reason": null, "history_type": "~", "history_user": 1}}, {"model": "product.historicalproduct", "pk": 9, "fields": {"id": 6, "created_on": "2019-12-09T06:55:38.787Z", "modified_on": "2019-12-09T06:55:38.787Z", "product_name": "Dherosh", "product_image": "pictures/product/ladies_finger.jpeg", "product_price": "75.00", "product_last_price": "0.00", "is_approved": true, "created_by": null, "modified_by": 1, "product_unit": 1, "product_meta": 4, "history_date": "2019-12-09T06:55:38.789Z", "history_change_reason": null, "history_type": "~", "history_user": 1}}, {"model": "product.historicalproduct", "pk": 10, "fields": {"id": 7, "created_on": "2019-12-09T06:55:54.543Z", "modified_on": "2019-12-09T06:55:54.543Z", "product_name": "Oil", "product_image": "pictures/product/oil.jpeg", "product_price": "110.00", "product_last_price": "0.00", "is_approved": true, "created_by": null, "modified_by": 1, "product_unit": 2, "product_meta": 5, "history_date": "2019-12-09T06:55:54.546Z", "history_change_reason": null, "history_type": "~", "history_user": 1}}, {"model": "product.historicalproduct", "pk": 11, "fields": {"id": 8, "created_on": "2019-12-11T19:03:30.933Z", "modified_on": "2019-12-11T19:03:30.933Z", "product_name": "Rice bran oil", "product_image": "pictures/product/received_2512624158776283.jpeg", "product_price": "110.00", "product_last_price": "0.00", "is_approved": true, "created_by": null, "modified_by": 1, "product_unit": 2, "product_meta": 5, "history_date": "2019-12-11T19:03:30.935Z", "history_change_reason": null, "history_type": "+", "history_user": 1}}, {"model": "product.product", "pk": 1, "fields": {"created_on": "2019-12-05T05:47:49.313Z", "created_by": null, "modified_on": "2019-12-05T05:47:49.313Z", "modified_by": 1, "product_name": "Miniket Rice", "product_image": "pictures/product/miniket.jpg", "product_unit": 1, "product_price": null, "product_meta": 1, "product_last_price": "0.00", "is_approved": true}}, {"model": "product.product", "pk": 2, "fields": {"created_on": "2019-12-05T05:48:27.576Z", "created_by": null, "modified_on": "2019-12-05T05:48:27.576Z", "modified_by": 1, "product_name": "Basmati Rice", "product_image": "pictures/product/bashmati.jpg", "product_unit": 1, "product_price": "200.00", "product_meta": 1, "product_last_price": "0.00", "is_approved": true}}, {"model": "product.product", "pk": 3, "fields": {"created_on": "2019-12-05T05:49:15.130Z", "created_by": null, "modified_on": "2019-12-05T05:49:15.131Z", "modified_by": 1, "product_name": "Dal", "product_image": "pictures/product/dal.jpeg", "product_unit": 1, "product_price": "70.00", "product_meta": 2, "product_last_price": "0.00", "is_approved": true}}, {"model": "product.product", "pk": 4, "fields": {"created_on": "2019-12-05T05:49:48.414Z", "created_by": null, "modified_on": "2019-12-05T05:49:48.414Z", "modified_by": 1, "product_name": "Cow Meat", "product_image": "pictures/product/cow_meat.jpeg", "product_unit": 1, "product_price": "550.00", "product_meta": 3, "product_last_price": "0.00", "is_approved": true}}, {"model": "product.product", "pk": 5, "fields": {"created_on": "2019-12-05T05:50:20.149Z", "created_by": null, "modified_on": "2019-12-05T05:50:20.149Z", "modified_by": 1, "product_name": "Chicken", "product_image": "pictures/product/chicken.jpeg", "product_unit": 1, "product_price": null, "product_meta": 3, "product_last_price": "0.00", "is_approved": true}}, {"model": "product.product", "pk": 6, "fields": {"created_on": "2019-12-09T06:55:38.787Z", "created_by": null, "modified_on": "2019-12-09T06:55:38.787Z", "modified_by": 1, "product_name": "Dherosh", "product_image": "pictures/product/ladies_finger.jpeg", "product_unit": 1, "product_price": "75.00", "product_meta": 4, "product_last_price": "0.00", "is_approved": true}}, {"model": "product.product", "pk": 7, "fields": {"created_on": "2019-12-09T06:55:54.543Z", "created_by": null, "modified_on": "2019-12-09T06:55:54.543Z", "modified_by": 1, "product_name": "Oil", "product_image": "pictures/product/oil.jpeg", "product_unit": 2, "product_price": "110.00", "product_meta": 5, "product_last_price": "0.00", "is_approved": true}}, {"model": "product.product", "pk": 8, "fields": {"created_on": "2019-12-11T19:03:30.933Z", "created_by": null, "modified_on": "2019-12-11T19:03:30.933Z", "modified_by": 1, "product_name": "Rice bran oil", "product_image": "pictures/product/received_2512624158776283.jpeg", "product_unit": 2, "product_price": "110.00", "product_meta": 5, "product_last_price": "0.00", "is_approved": true}}, {"model": "offer.historicaloffer", "pk": 1, "fields": {"id": 1, "created_on": "2019-12-05T06:25:15.617Z", "modified_on": "2019-12-05T06:25:15.617Z", "offer_name": "Big Sale...On Grocery", "offer_img": "offer/2019/12/05/offer1.jpeg", "offer_details": null, "offer_ends_in": "2020-01-31T00:25:07Z", "offer_starts_in": "2019-12-05T00:24:57Z", "is_approved": true, "created_by": null, "modified_by": null, "history_date": "2019-12-05T06:25:15.620Z", "history_change_reason": null, "history_type": "+", "history_user": 1}}, {"model": "offer.historicaloffer", "pk": 2, "fields": {"id": 2, "created_on": "2019-12-05T06:39:43.379Z", "modified_on": "2019-12-05T06:39:43.379Z", "offer_name": "Big Sale.", "offer_img": "offer/2019/12/05/offer.jpg", "offer_details": null, "offer_ends_in": "2020-02-29T06:39:35Z", "offer_starts_in": "2019-12-05T06:39:23Z", "is_approved": true, "created_by": null, "modified_by": null, "history_date": "2019-12-05T06:39:43.380Z", "history_change_reason": null, "history_type": "+", "history_user": 1}}, {"model": "offer.historicaloffer", "pk": 3, "fields": {"id": 2, "created_on": "2019-12-09T10:24:42.344Z", "modified_on": "2019-12-09T10:24:42.344Z", "offer_name": "Big Sale.", "offer_img": "offer/2019/12/09/offer.jpg", "offer_details": null, "offer_ends_in": "2020-02-29T06:39:35Z", "offer_starts_in": "2019-12-05T06:39:23Z", "is_approved": true, "created_by": null, "modified_by": null, "history_date": "2019-12-09T10:24:42.352Z", "history_change_reason": null, "history_type": "~", "history_user": 1}}, {"model": "offer.historicaloffer", "pk": 4, "fields": {"id": 1, "created_on": "2019-12-09T10:24:57.940Z", "modified_on": "2019-12-09T10:24:57.940Z", "offer_name": "Big Sale...On Grocery", "offer_img": "offer/2019/12/09/offer1.jpeg", "offer_details": null, "offer_ends_in": "2020-01-31T00:25:07Z", "offer_starts_in": "2019-12-05T00:24:57Z", "is_approved": true, "created_by": null, "modified_by": null, "history_date": "2019-12-09T10:24:57.942Z", "history_change_reason": null, "history_type": "~", "history_user": 1}}, {"model": "offer.offer", "pk": 1, "fields": {"created_on": "2019-12-09T10:24:57.940Z", "created_by": null, "modified_on": "2019-12-09T10:24:57.940Z", "modified_by": null, "offer_name": "Big Sale...On Grocery", "offer_img": "offer/2019/12/09/offer1.jpeg", "offer_details": null, "offer_ends_in": "2020-01-31T00:25:07Z", "offer_starts_in": "2019-12-05T00:24:57Z", "is_approved": true}}, {"model": "offer.offer", "pk": 2, "fields": {"created_on": "2019-12-09T10:24:42.344Z", "created_by": null, "modified_on": "2019-12-09T10:24:42.344Z", "modified_by": null, "offer_name": "Big Sale.", "offer_img": "offer/2019/12/09/offer.jpg", "offer_details": null, "offer_ends_in": "2020-02-29T06:39:35Z", "offer_starts_in": "2019-12-05T06:39:23Z", "is_approved": true}}, {"model": "offer.historicalofferproduct", "pk": 1, "fields": {"id": 1, "created_on": "2019-12-05T06:41:35.754Z", "modified_on": "2019-12-05T06:41:35.754Z", "offer_price": "80.00", "offer_product_balance": "20.0", "is_approved": true, "created_by": null, "modified_by": null, "offer": 1, "product": 1, "history_date": "2019-12-05T06:41:35.758Z", "history_change_reason": null, "history_type": "+", "history_user": 1}}, {"model": "offer.historicalofferproduct", "pk": 2, "fields": {"id": 2, "created_on": "2019-12-05T06:50:27.135Z", "modified_on": "2019-12-05T06:50:27.135Z", "offer_price": "60.00", "offer_product_balance": "20.0", "is_approved": true, "created_by": null, "modified_by": null, "offer": 1, "product": 3, "history_date": "2019-12-05T06:50:27.136Z", "history_change_reason": null, "history_type": "+", "history_user": 1}}, {"model": "offer.offerproduct", "pk": 1, "fields": {"created_on": "2019-12-05T06:41:35.754Z", "created_by": null, "modified_on": "2019-12-05T06:41:35.754Z", "modified_by": null, "offer": 1, "product": 1, "offer_price": "80.00", "offer_product_balance": "20.0", "is_approved": true}}, {"model": "offer.offerproduct", "pk": 2, "fields": {"created_on": "2019-12-05T06:50:27.135Z", "created_by": null, "modified_on": "2019-12-05T06:50:27.135Z", "modified_by": null, "offer": 1, "product": 3, "offer_price": "60.00", "offer_product_balance": "20.0", "is_approved": true}}, {"model": "utility.historicalproductunit", "pk": 1, "fields": {"id": 1, "created_on": "2019-12-05T05:46:41.259Z", "modified_on": "2019-12-05T05:46:41.259Z", "product_unit": "Kg.", "created_by": null, "modified_by": null, "history_date": "2019-12-05T05:46:41.260Z", "history_change_reason": null, "history_type": "+", "history_user": 1}}, {"model": "utility.historicalproductunit", "pk": 2, "fields": {"id": 2, "created_on": "2019-12-05T05:46:51.799Z", "modified_on": "2019-12-05T05:46:51.799Z", "product_unit": "litre.", "created_by": null, "modified_by": null, "history_date": "2019-12-05T05:46:51.800Z", "history_change_reason": null, "history_type": "+", "history_user": 1}}, {"model": "utility.productunit", "pk": 1, "fields": {"created_on": "2019-12-05T05:46:41.259Z", "created_by": null, "modified_on": "2019-12-05T05:46:41.259Z", "modified_by": null, "product_unit": "Kg."}}, {"model": "utility.productunit", "pk": 2, "fields": {"created_on": "2019-12-05T05:46:51.799Z", "created_by": null, "modified_on": "2019-12-05T05:46:51.799Z", "modified_by": null, "product_unit": "litre."}}, {"model": "userProfile.historicaluserprofile", "pk": 1, "fields": {"id": 1, "password": "pbkdf2_sha256$150000$bAe5dJrcIVqS$dLpPma97zEAmCY9Deq25gR3RRYxUsX9pnfhef7QkVMo=", "last_login": null, "is_superuser": true, "username": "admin", "is_staff": true, "is_active": true, "date_joined": "2019-12-05T05:21:45.362Z", "user_type": "CM", "user_image": "", "mobile_number": null, "first_name": null, "last_name": null, "email": "admin@satechbd.com", "user_NID": null, "ref_code": null, "pin_code": null, "created_on": "2019-12-05T05:21:45.473Z", "modified_on": null, "is_approved": false, "history_date": "2019-12-05T05:21:45.477Z", "history_change_reason": null, "history_type": "+", "history_user": null}}, {"model": "userProfile.historicaluserprofile", "pk": 2, "fields": {"id": 1, "password": "pbkdf2_sha256$150000$bAe5dJrcIVqS$dLpPma97zEAmCY9Deq25gR3RRYxUsX9pnfhef7QkVMo=", "last_login": "2019-12-05T05:28:12.188Z", "is_superuser": true, "username": "admin", "is_staff": true, "is_active": true, "date_joined": "2019-12-05T05:21:45.362Z", "user_type": "CM", "user_image": "", "mobile_number": null, "first_name": null, "last_name": null, "email": "admin@satechbd.com", "user_NID": null, "ref_code": null, "pin_code": null, "created_on": "2019-12-05T05:21:45.473Z", "modified_on": null, "is_approved": false, "history_date": "2019-12-05T05:28:12.193Z", "history_change_reason": null, "history_type": "~", "history_user": 1}}, {"model": "userProfile.historicaluserprofile", "pk": 3, "fields": {"id": 2, "password": "", "last_login": null, "is_superuser": false, "username": "+88001670290963", "is_staff": false, "is_active": true, "date_joined": "2019-12-05T09:23:51.175Z", "user_type": "CM", "user_image": "", "mobile_number": "+88001670290963", "first_name": "sajib", "last_name": "sajib", "email": "ashiqur.sajib@gmail.com", "user_NID": null, "ref_code": null, "pin_code": null, "created_on": "2019-12-05T09:23:51.175Z", "modified_on": null, "is_approved": false, "history_date": "2019-12-05T09:23:51.177Z", "history_change_reason": null, "history_type": "+", "history_user": null}}, {"model": "userProfile.historicaluserprofile", "pk": 4, "fields": {"id": 2, "password": "pbkdf2_sha256$150000$yG7U7vagSM5r$4xhHXnyIuIlpB5mh58u3SxF41FJfBYnxBWQwRjEeJeo=", "last_login": null, "is_superuser": false, "username": "+88001670290963", "is_staff": false, "is_active": true, "date_joined": "2019-12-05T09:23:51.175Z", "user_type": "CM", "user_image": "", "mobile_number": "+88001670290963", "first_name": "sajib", "last_name": "sajib", "email": "ashiqur.sajib@gmail.com", "user_NID": null, "ref_code": null, "pin_code": null, "created_on": "2019-12-05T09:23:51.175Z", "modified_on": null, "is_approved": false, "history_date": "2019-12-05T09:23:51.364Z", "history_change_reason": null, "history_type": "~", "history_user": null}}, {"model": "userProfile.historicaluserprofile", "pk": 5, "fields": {"id": 2, "password": "pbkdf2_sha256$150000$yG7U7vagSM5r$4xhHXnyIuIlpB5mh58u3SxF41FJfBYnxBWQwRjEeJeo=", "last_login": null, "is_superuser": false, "username": "+88001670290963", "is_staff": false, "is_active": true, "date_joined": "2019-12-05T09:23:51.175Z", "user_type": "CM", "user_image": "", "mobile_number": "+88001670290963", "first_name": "sajib", "last_name": "sajib", "email": "ashiqur.sajib@gmail.com", "user_NID": null, "ref_code": null, "pin_code": null, "created_on": "2019-12-05T09:23:51.175Z", "modified_on": null, "is_approved": true, "history_date": "2019-12-05T09:23:52.217Z", "history_change_reason": null, "history_type": "~", "history_user": null}}, {"model": "userProfile.historicaluserprofile", "pk": 6, "fields": {"id": 3, "password": "", "last_login": null, "is_superuser": false, "username": "+88001747162600", "is_staff": false, "is_active": true, "date_joined": "2019-12-08T03:56:14.788Z", "user_type": "RT", "user_image": "", "mobile_number": "+88001747162600", "first_name": "space", "last_name": "space", "email": "ashiqur.sajib@northsouth.edu", "user_NID": "15363738389449", "ref_code": null, "pin_code": null, "created_on": "2019-12-08T03:56:14.788Z", "modified_on": null, "is_approved": false, "history_date": "2019-12-08T03:56:14.790Z", "history_change_reason": null, "history_type": "+", "history_user": null}}, {"model": "userProfile.historicaluserprofile", "pk": 7, "fields": {"id": 3, "password": "pbkdf2_sha256$150000$sU7pLaiSAKFP$4MuCB0b7Of6+2Mb3IlGyZxzBtb4w3n9H7otughhp5n8=", "last_login": null, "is_superuser": false, "username": "+88001747162600", "is_staff": false, "is_active": true, "date_joined": "2019-12-08T03:56:14.788Z", "user_type": "RT", "user_image": "", "mobile_number": "+88001747162600", "first_name": "space", "last_name": "space", "email": "ashiqur.sajib@northsouth.edu", "user_NID": "15363738389449", "ref_code": null, "pin_code": null, "created_on": "2019-12-08T03:56:14.788Z", "modified_on": null, "is_approved": false, "history_date": "2019-12-08T03:56:14.908Z", "history_change_reason": null, "history_type": "~", "history_user": null}}, {"model": "userProfile.historicaluserprofile", "pk": 8, "fields": {"id": 4, "password": "", "last_login": null, "is_superuser": false, "username": "+88001521202936", "is_staff": false, "is_active": true, "date_joined": "2019-12-08T03:59:10.812Z", "user_type": "RT", "user_image": "", "mobile_number": "+88001521202936", "first_name": "space", "last_name": "space", "email": "sajib@gmail.com", "user_NID": "14263783937373", "ref_code": null, "pin_code": null, "created_on": "2019-12-08T03:59:10.812Z", "modified_on": null, "is_approved": false, "history_date": "2019-12-08T03:59:10.814Z", "history_change_reason": null, "history_type": "+", "history_user": null}}, {"model": "userProfile.historicaluserprofile", "pk": 9, "fields": {"id": 4, "password": "pbkdf2_sha256$150000$QU7Q4AbarH42$IdyUcbAp1yYCpLr9qUpuzYCWjcdnJToX8f1j42SXDqI=", "last_login": null, "is_superuser": false, "username": "+88001521202936", "is_staff": false, "is_active": true, "date_joined": "2019-12-08T03:59:10.812Z", "user_type": "RT", "user_image": "", "mobile_number": "+88001521202936", "first_name": "space", "last_name": "space", "email": "sajib@gmail.com", "user_NID": "14263783937373", "ref_code": null, "pin_code": null, "created_on": "2019-12-08T03:59:10.812Z", "modified_on": null, "is_approved": false, "history_date": "2019-12-08T03:59:10.929Z", "history_change_reason": null, "history_type": "~", "history_user": null}}, {"model": "userProfile.historicaluserprofile", "pk": 10, "fields": {"id": 2, "password": "pbkdf2_sha256$150000$yG7U7vagSM5r$4xhHXnyIuIlpB5mh58u3SxF41FJfBYnxBWQwRjEeJeo=", "last_login": null, "is_superuser": false, "username": "+88001670290963", "is_staff": false, "is_active": true, "date_joined": "2019-12-05T09:23:51.175Z", "user_type": "CM", "user_image": "", "mobile_number": "+88001670290963", "first_name": "sajib", "last_name": "sajib", "email": "ashiqur.sajib@gmail.com", "user_NID": null, "ref_code": null, "pin_code": null, "created_on": "2019-12-05T09:23:51.175Z", "modified_on": null, "is_approved": true, "history_date": "2019-12-08T05:25:48.368Z", "history_change_reason": null, "history_type": "-", "history_user": 1}}, {"model": "userProfile.historicaluserprofile", "pk": 11, "fields": {"id": 5, "password": "", "last_login": null, "is_superuser": false, "username": "+8801670290963", "is_staff": false, "is_active": true, "date_joined": "2019-12-08T05:35:15.353Z", "user_type": "RT", "user_image": "", "mobile_number": "+8801670290963", "first_name": "space", "last_name": "space", "email": "ashiqur.sajib@gmail.com", "user_NID": "14262939476272983", "ref_code": null, "pin_code": null, "created_on": "2019-12-08T05:35:15.353Z", "modified_on": null, "is_approved": false, "history_date": "2019-12-08T05:35:15.355Z", "history_change_reason": null, "history_type": "+", "history_user": null}}, {"model": "userProfile.historicaluserprofile", "pk": 12, "fields": {"id": 5, "password": "pbkdf2_sha256$150000$XjNDSwiuhKXq$/mFmQ+Vi07iTHZ0GnVYbtzW5EfgYmkBPveBoiqTWcXM=", "last_login": null, "is_superuser": false, "username": "+8801670290963", "is_staff": false, "is_active": true, "date_joined": "2019-12-08T05:35:15.353Z", "user_type": "RT", "user_image": "", "mobile_number": "+8801670290963", "first_name": "space", "last_name": "space", "email": "ashiqur.sajib@gmail.com", "user_NID": "14262939476272983", "ref_code": null, "pin_code": null, "created_on": "2019-12-08T05:35:15.353Z", "modified_on": null, "is_approved": false, "history_date": "2019-12-08T05:35:15.480Z", "history_change_reason": null, "history_type": "~", "history_user": null}}, {"model": "userProfile.historicaluserprofile", "pk": 13, "fields": {"id": 5, "password": "pbkdf2_sha256$150000$XjNDSwiuhKXq$/mFmQ+Vi07iTHZ0GnVYbtzW5EfgYmkBPveBoiqTWcXM=", "last_login": null, "is_superuser": false, "username": "+8801670290963", "is_staff": false, "is_active": true, "date_joined": "2019-12-08T05:35:15Z", "user_type": "RT", "user_image": "", "mobile_number": "+8801670290963", "first_name": "space", "last_name": "space", "email": "ashiqur.sajib@gmail.com", "user_NID": "14262939476272983", "ref_code": null, "pin_code": null, "created_on": "2019-12-08T05:35:15Z", "modified_on": null, "is_approved": true, "history_date": "2019-12-08T05:35:56.577Z", "history_change_reason": null, "history_type": "~", "history_user": 1}}, {"model": "userProfile.historicaluserprofile", "pk": 14, "fields": {"id": 6, "password": "", "last_login": null, "is_superuser": false, "username": "01685715196", "is_staff": false, "is_active": true, "date_joined": "2019-12-08T06:20:08.722Z", "user_type": "SF", "user_image": "", "mobile_number": "01685715196", "first_name": "sani", "last_name": "khan", "email": "sf@satechbd.com", "user_NID": null, "ref_code": null, "pin_code": null, "created_on": "2019-12-08T06:20:08.722Z", "modified_on": null, "is_approved": false, "history_date": "2019-12-08T06:20:08.724Z", "history_change_reason": null, "history_type": "+", "history_user": null}}, {"model": "userProfile.historicaluserprofile", "pk": 15, "fields": {"id": 6, "password": "pbkdf2_sha256$150000$LYdHpNt1ZZY2$466JpaV4Vwq8BIyoGcWZ0lYXpdb4z1xVk3OHngUG2E8=", "last_login": null, "is_superuser": false, "username": "01685715196", "is_staff": false, "is_active": true, "date_joined": "2019-12-08T06:20:08.722Z", "user_type": "SF", "user_image": "", "mobile_number": "01685715196", "first_name": "sani", "last_name": "khan", "email": "sf@satechbd.com", "user_NID": null, "ref_code": null, "pin_code": null, "created_on": "2019-12-08T06:20:08.722Z", "modified_on": null, "is_approved": false, "history_date": "2019-12-08T06:20:08.869Z", "history_change_reason": null, "history_type": "~", "history_user": null}}, {"model": "userProfile.historicaluserprofile", "pk": 16, "fields": {"id": 6, "password": "pbkdf2_sha256$150000$LYdHpNt1ZZY2$466JpaV4Vwq8BIyoGcWZ0lYXpdb4z1xVk3OHngUG2E8=", "last_login": null, "is_superuser": false, "username": "01685715196", "is_staff": false, "is_active": true, "date_joined": "2019-12-08T06:20:08Z", "user_type": "SF", "user_image": "", "mobile_number": "01685715196", "first_name": "sani", "last_name": "khan", "email": "sf@satechbd.com", "user_NID": null, "ref_code": null, "pin_code": null, "created_on": "2019-12-08T06:20:08Z", "modified_on": null, "is_approved": true, "history_date": "2019-12-08T06:20:33.740Z", "history_change_reason": null, "history_type": "~", "history_user": 1}}, {"model": "userProfile.historicaluserprofile", "pk": 17, "fields": {"id": 7, "password": "", "last_login": null, "is_superuser": false, "username": "+8801747162600", "is_staff": false, "is_active": true, "date_joined": "2019-12-08T07:02:31.406Z", "user_type": "CM", "user_image": "", "mobile_number": "+8801747162600", "first_name": "space", "last_name": "space", "email": "ashiqur.sajib@yahoo.com", "user_NID": null, "ref_code": null, "pin_code": null, "created_on": "2019-12-08T07:02:31.406Z", "modified_on": null, "is_approved": false, "history_date": "2019-12-08T07:02:31.408Z", "history_change_reason": null, "history_type": "+", "history_user": null}}, {"model": "userProfile.historicaluserprofile", "pk": 18, "fields": {"id": 7, "password": "pbkdf2_sha256$150000$ay8gwKPU2tY8$OA8wod+e912SWfZJS1Z5y0D/AESnzKp9tyhmuBDSo74=", "last_login": null, "is_superuser": false, "username": "+8801747162600", "is_staff": false, "is_active": true, "date_joined": "2019-12-08T07:02:31.406Z", "user_type": "CM", "user_image": "", "mobile_number": "+8801747162600", "first_name": "space", "last_name": "space", "email": "ashiqur.sajib@yahoo.com", "user_NID": null, "ref_code": null, "pin_code": null, "created_on": "2019-12-08T07:02:31.406Z", "modified_on": null, "is_approved": false, "history_date": "2019-12-08T07:02:31.522Z", "history_change_reason": null, "history_type": "~", "history_user": null}}, {"model": "userProfile.historicaluserprofile", "pk": 19, "fields": {"id": 7, "password": "pbkdf2_sha256$150000$ay8gwKPU2tY8$OA8wod+e912SWfZJS1Z5y0D/AESnzKp9tyhmuBDSo74=", "last_login": null, "is_superuser": false, "username": "+8801747162600", "is_staff": false, "is_active": true, "date_joined": "2019-12-08T07:02:31.406Z", "user_type": "CM", "user_image": "", "mobile_number": "+8801747162600", "first_name": "space", "last_name": "space", "email": "ashiqur.sajib@yahoo.com", "user_NID": null, "ref_code": null, "pin_code": null, "created_on": "2019-12-08T07:02:31.406Z", "modified_on": null, "is_approved": true, "history_date": "2019-12-08T07:02:32.472Z", "history_change_reason": null, "history_type": "~", "history_user": null}}, {"model": "userProfile.historicaluserprofile", "pk": 20, "fields": {"id": 8, "password": "", "last_login": null, "is_superuser": false, "username": "+8801521202936", "is_staff": false, "is_active": true, "date_joined": "2019-12-11T10:37:24.287Z", "user_type": "CM", "user_image": "", "mobile_number": "+8801521202936", "first_name": "sani", "last_name": "sani", "email": "sk@yahoo.com", "user_NID": null, "ref_code": null, "pin_code": null, "created_on": "2019-12-11T10:37:24.287Z", "modified_on": null, "is_approved": false, "history_date": "2019-12-11T10:37:24.289Z", "history_change_reason": null, "history_type": "+", "history_user": null}}, {"model": "userProfile.historicaluserprofile", "pk": 21, "fields": {"id": 8, "password": "pbkdf2_sha256$150000$LkXg3CXnYDfe$zix7DtkHMxXm8jZSd0kglN/PkQOAuVYzcz3DHMkV43Q=", "last_login": null, "is_superuser": false, "username": "+8801521202936", "is_staff": false, "is_active": true, "date_joined": "2019-12-11T10:37:24.287Z", "user_type": "CM", "user_image": "", "mobile_number": "+8801521202936", "first_name": "sani", "last_name": "sani", "email": "sk@yahoo.com", "user_NID": null, "ref_code": null, "pin_code": null, "created_on": "2019-12-11T10:37:24.287Z", "modified_on": null, "is_approved": false, "history_date": "2019-12-11T10:37:24.406Z", "history_change_reason": null, "history_type": "~", "history_user": null}}, {"model": "userProfile.historicaluserprofile", "pk": 22, "fields": {"id": 8, "password": "pbkdf2_sha256$150000$LkXg3CXnYDfe$zix7DtkHMxXm8jZSd0kglN/PkQOAuVYzcz3DHMkV43Q=", "last_login": null, "is_superuser": false, "username": "+8801521202936", "is_staff": false, "is_active": true, "date_joined": "2019-12-11T10:37:24.287Z", "user_type": "CM", "user_image": "", "mobile_number": "+8801521202936", "first_name": "sani", "last_name": "sani", "email": "sk@yahoo.com", "user_NID": null, "ref_code": null, "pin_code": null, "created_on": "2019-12-11T10:37:24.287Z", "modified_on": null, "is_approved": true, "history_date": "2019-12-11T10:37:24.735Z", "history_change_reason": null, "history_type": "~", "history_user": null}}, {"model": "userProfile.historicaluserprofile", "pk": 23, "fields": {"id": 1, "password": "pbkdf2_sha256$150000$bAe5dJrcIVqS$dLpPma97zEAmCY9Deq25gR3RRYxUsX9pnfhef7QkVMo=", "last_login": "2019-12-11T18:59:50.429Z", "is_superuser": true, "username": "admin", "is_staff": true, "is_active": true, "date_joined": "2019-12-05T05:21:45.362Z", "user_type": "CM", "user_image": "", "mobile_number": null, "first_name": null, "last_name": null, "email": "admin@satechbd.com", "user_NID": null, "ref_code": null, "pin_code": null, "created_on": "2019-12-05T05:21:45.473Z", "modified_on": null, "is_approved": false, "history_date": "2019-12-11T18:59:50.432Z", "history_change_reason": null, "history_type": "~", "history_user": 1}}, {"model": "userProfile.historicaluserprofile", "pk": 24, "fields": {"id": 9, "password": "", "last_login": null, "is_superuser": false, "username": "+8801958541354", "is_staff": false, "is_active": true, "date_joined": "2019-12-17T11:39:08.408Z", "user_type": "CM", "user_image": "", "mobile_number": "+8801958541354", "first_name": "testbony", "last_name": "testbony", "email": "bony@finder-lbs.com", "user_NID": null, "ref_code": null, "pin_code": null, "created_on": "2019-12-17T11:39:08.408Z", "modified_on": null, "is_approved": false, "history_date": "2019-12-17T11:39:08.411Z", "history_change_reason": null, "history_type": "+", "history_user": null}}, {"model": "userProfile.historicaluserprofile", "pk": 25, "fields": {"id": 9, "password": "pbkdf2_sha256$150000$26wUzMqocOHi$nYhG32z7I0FgX+PCu0kN9j044WOvjsdWTuUwYBhX30Y=", "last_login": null, "is_superuser": false, "username": "+8801958541354", "is_staff": false, "is_active": true, "date_joined": "2019-12-17T11:39:08.408Z", "user_type": "CM", "user_image": "", "mobile_number": "+8801958541354", "first_name": "testbony", "last_name": "testbony", "email": "bony@finder-lbs.com", "user_NID": null, "ref_code": null, "pin_code": null, "created_on": "2019-12-17T11:39:08.408Z", "modified_on": null, "is_approved": false, "history_date": "2019-12-17T11:39:08.569Z", "history_change_reason": null, "history_type": "~", "history_user": null}}, {"model": "userProfile.historicaluserprofile", "pk": 26, "fields": {"id": 9, "password": "pbkdf2_sha256$150000$26wUzMqocOHi$nYhG32z7I0FgX+PCu0kN9j044WOvjsdWTuUwYBhX30Y=", "last_login": null, "is_superuser": false, "username": "+8801958541354", "is_staff": false, "is_active": true, "date_joined": "2019-12-17T11:39:08.408Z", "user_type": "CM", "user_image": "", "mobile_number": "+8801958541354", "first_name": "testbony", "last_name": "testbony", "email": "bony@finder-lbs.com", "user_NID": null, "ref_code": null, "pin_code": null, "created_on": "2019-12-17T11:39:08.408Z", "modified_on": null, "is_approved": true, "history_date": "2019-12-17T11:39:08.769Z", "history_change_reason": null, "history_type": "~", "history_user": null}}, {"model": "userProfile.historicaluserprofile", "pk": 27, "fields": {"id": 1, "password": "pbkdf2_sha256$150000$bAe5dJrcIVqS$dLpPma97zEAmCY9Deq25gR3RRYxUsX9pnfhef7QkVMo=", "last_login": "2019-12-18T10:39:12.322Z", "is_superuser": true, "username": "admin", "is_staff": true, "is_active": true, "date_joined": "2019-12-05T05:21:45.362Z", "user_type": "CM", "user_image": "", "mobile_number": null, "first_name": null, "last_name": null, "email": "admin@satechbd.com", "user_NID": null, "ref_code": null, "pin_code": null, "created_on": "2019-12-05T05:21:45.473Z", "modified_on": null, "is_approved": false, "history_date": "2019-12-18T10:39:12.333Z", "history_change_reason": null, "history_type": "~", "history_user": 1}}, {"model": "userProfile.historicaluserprofile", "pk": 28, "fields": {"id": 1, "password": "pbkdf2_sha256$150000$bAe5dJrcIVqS$dLpPma97zEAmCY9Deq25gR3RRYxUsX9pnfhef7QkVMo=", "last_login": "2019-12-22T04:16:01.073Z", "is_superuser": true, "username": "admin", "is_staff": true, "is_active": true, "date_joined": "2019-12-05T05:21:45.362Z", "user_type": "CM", "user_image": "", "mobile_number": null, "first_name": null, "last_name": null, "email": "admin@satechbd.com", "user_NID": null, "ref_code": null, "pin_code": null, "created_on": "2019-12-05T05:21:45.473Z", "modified_on": null, "is_approved": false, "history_date": "2019-12-22T04:16:01.075Z", "history_change_reason": null, "history_type": "~", "history_user": 1}}, {"model": "userProfile.historicaluserprofile", "pk": 29, "fields": {"id": 10, "password": "", "last_login": null, "is_superuser": false, "username": "+88001790103057", "is_staff": false, "is_active": true, "date_joined": "2019-12-22T04:21:46.834Z", "user_type": "PD", "user_image": "", "mobile_number": "+88001790103057", "first_name": "Space", "last_name": "Space", "email": "asphelt10@gmail.com", "user_NID": "26385766860796070", "ref_code": null, "pin_code": null, "created_on": "2019-12-22T04:21:46.834Z", "modified_on": null, "is_approved": false, "history_date": "2019-12-22T04:21:46.836Z", "history_change_reason": null, "history_type": "+", "history_user": null}}, {"model": "userProfile.historicaluserprofile", "pk": 30, "fields": {"id": 10, "password": "pbkdf2_sha256$150000$uKzcgBAkp4Me$V/f8r6Oj8yOv65ZIgRvYCtZVoXvlxn2ihDRl2EGKh5s=", "last_login": null, "is_superuser": false, "username": "+88001790103057", "is_staff": false, "is_active": true, "date_joined": "2019-12-22T04:21:46.834Z", "user_type": "PD", "user_image": "", "mobile_number": "+88001790103057", "first_name": "Space", "last_name": "Space", "email": "asphelt10@gmail.com", "user_NID": "26385766860796070", "ref_code": null, "pin_code": null, "created_on": "2019-12-22T04:21:46.834Z", "modified_on": null, "is_approved": false, "history_date": "2019-12-22T04:21:46.953Z", "history_change_reason": null, "history_type": "~", "history_user": null}}, {"model": "userProfile.historicaluserprofile", "pk": 31, "fields": {"id": 10, "password": "pbkdf2_sha256$150000$uKzcgBAkp4Me$V/f8r6Oj8yOv65ZIgRvYCtZVoXvlxn2ihDRl2EGKh5s=", "last_login": null, "is_superuser": false, "username": "+88001790103057", "is_staff": false, "is_active": true, "date_joined": "2019-12-22T04:21:46Z", "user_type": "PD", "user_image": "", "mobile_number": "+88001790103057", "first_name": "Space", "last_name": "Space", "email": "asphelt10@gmail.com", "user_NID": "26385766860796070", "ref_code": null, "pin_code": null, "created_on": "2019-12-22T04:21:46Z", "modified_on": null, "is_approved": true, "history_date": "2019-12-22T04:23:34.567Z", "history_change_reason": null, "history_type": "~", "history_user": 1}}, {"model": "userProfile.historicaluserprofile", "pk": 32, "fields": {"id": 1, "password": "pbkdf2_sha256$150000$bAe5dJrcIVqS$dLpPma97zEAmCY9Deq25gR3RRYxUsX9pnfhef7QkVMo=", "last_login": "2019-12-26T06:27:00.506Z", "is_superuser": true, "username": "admin", "is_staff": true, "is_active": true, "date_joined": "2019-12-05T05:21:45.362Z", "user_type": "CM", "user_image": "", "mobile_number": null, "first_name": null, "last_name": null, "email": "admin@satechbd.com", "user_NID": null, "ref_code": null, "pin_code": null, "created_on": "2019-12-05T05:21:45.473Z", "modified_on": null, "is_approved": false, "history_date": "2019-12-26T06:27:00.595Z", "history_change_reason": null, "history_type": "~", "history_user": 1}}, {"model": "userProfile.historicaluserprofile", "pk": 33, "fields": {"id": 1, "password": "pbkdf2_sha256$150000$bAe5dJrcIVqS$dLpPma97zEAmCY9Deq25gR3RRYxUsX9pnfhef7QkVMo=", "last_login": "2019-12-29T06:48:33.440Z", "is_superuser": true, "username": "admin", "is_staff": true, "is_active": true, "date_joined": "2019-12-05T05:21:45.362Z", "user_type": "CM", "user_image": "", "mobile_number": null, "first_name": null, "last_name": null, "email": "admin@satechbd.com", "user_NID": null, "ref_code": null, "pin_code": null, "created_on": "2019-12-05T05:21:45.473Z", "modified_on": null, "is_approved": false, "history_date": "2019-12-29T06:48:33.507Z", "history_change_reason": null, "history_type": "~", "history_user": 1}}, {"model": "admin.logentry", "pk": 1, "fields": {"action_time": "2019-12-05T05:29:50.729Z", "user": 1, "content_type": 46, "object_id": "1", "object_repr": "Grocery", "action_flag": 1, "change_message": "[{\"added\": {}}]"}}, {"model": "admin.logentry", "pk": 2, "fields": {"action_time": "2019-12-05T05:30:10.204Z", "user": 1, "content_type": 46, "object_id": "2", "object_repr": "Meat", "action_flag": 1, "change_message": "[{\"added\": {}}]"}}, {"model": "admin.logentry", "pk": 3, "fields": {"action_time": "2019-12-05T05:31:05.885Z", "user": 1, "content_type": 46, "object_id": "3", "object_repr": "Vegetable", "action_flag": 1, "change_message": "[{\"added\": {}}]"}}, {"model": "admin.logentry", "pk": 4, "fields": {"action_time": "2019-12-05T05:33:09.276Z", "user": 1, "content_type": 48, "object_id": "1", "object_repr": "Grocery Shop", "action_flag": 1, "change_message": "[{\"added\": {}}]"}}, {"model": "admin.logentry", "pk": 5, "fields": {"action_time": "2019-12-05T05:33:27.697Z", "user": 1, "content_type": 48, "object_id": "2", "object_repr": "Vegetable Shop", "action_flag": 1, "change_message": "[{\"added\": {}}]"}}, {"model": "admin.logentry", "pk": 6, "fields": {"action_time": "2019-12-05T05:33:35.018Z", "user": 1, "content_type": 48, "object_id": "3", "object_repr": "Mea", "action_flag": 1, "change_message": "[{\"added\": {}}]"}}, {"model": "admin.logentry", "pk": 7, "fields": {"action_time": "2019-12-05T05:33:49.888Z", "user": 1, "content_type": 48, "object_id": "3", "object_repr": "Meat Shop", "action_flag": 2, "change_message": "[{\"changed\": {\"fields\": [\"type_of_shop\"]}}]"}}, {"model": "admin.logentry", "pk": 8, "fields": {"action_time": "2019-12-05T05:34:07.145Z", "user": 1, "content_type": 48, "object_id": "4", "object_repr": "General Shop", "action_flag": 1, "change_message": "[{\"added\": {}}]"}}, {"model": "admin.logentry", "pk": 9, "fields": {"action_time": "2019-12-05T05:42:03.379Z", "user": 1, "content_type": 47, "object_id": "1", "object_repr": "Rice", "action_flag": 1, "change_message": "[{\"added\": {}}]"}}, {"model": "admin.logentry", "pk": 10, "fields": {"action_time": "2019-12-05T05:44:19.182Z", "user": 1, "content_type": 47, "object_id": "2", "object_repr": "Dal", "action_flag": 1, "change_message": "[{\"added\": {}}]"}}, {"model": "admin.logentry", "pk": 11, "fields": {"action_time": "2019-12-05T05:44:42.667Z", "user": 1, "content_type": 47, "object_id": "3", "object_repr": "Meat", "action_flag": 1, "change_message": "[{\"added\": {}}]"}}, {"model": "admin.logentry", "pk": 12, "fields": {"action_time": "2019-12-05T05:45:07.555Z", "user": 1, "content_type": 47, "object_id": "4", "object_repr": "Vegetable", "action_flag": 1, "change_message": "[{\"added\": {}}]"}}, {"model": "admin.logentry", "pk": 13, "fields": {"action_time": "2019-12-05T05:46:41.264Z", "user": 1, "content_type": 58, "object_id": "1", "object_repr": "Kg.", "action_flag": 1, "change_message": "[{\"added\": {}}]"}}, {"model": "admin.logentry", "pk": 14, "fields": {"action_time": "2019-12-05T05:46:51.801Z", "user": 1, "content_type": 58, "object_id": "2", "object_repr": "litre.", "action_flag": 1, "change_message": "[{\"added\": {}}]"}}, {"model": "admin.logentry", "pk": 15, "fields": {"action_time": "2019-12-05T05:47:49.317Z", "user": 1, "content_type": 45, "object_id": "1", "object_repr": "Miniket Rice", "action_flag": 1, "change_message": "[{\"added\": {}}]"}}, {"model": "admin.logentry", "pk": 16, "fields": {"action_time": "2019-12-05T05:48:27.579Z", "user": 1, "content_type": 45, "object_id": "2", "object_repr": "Basmati Rice", "action_flag": 1, "change_message": "[{\"added\": {}}]"}}, {"model": "admin.logentry", "pk": 17, "fields": {"action_time": "2019-12-05T05:49:15.134Z", "user": 1, "content_type": 45, "object_id": "3", "object_repr": "Dal", "action_flag": 1, "change_message": "[{\"added\": {}}]"}}, {"model": "admin.logentry", "pk": 18, "fields": {"action_time": "2019-12-05T05:49:48.418Z", "user": 1, "content_type": 45, "object_id": "4", "object_repr": "Cow Meat", "action_flag": 1, "change_message": "[{\"added\": {}}]"}}, {"model": "admin.logentry", "pk": 19, "fields": {"action_time": "2019-12-05T05:50:20.152Z", "user": 1, "content_type": 45, "object_id": "5", "object_repr": "Chicken", "action_flag": 1, "change_message": "[{\"added\": {}}]"}}, {"model": "admin.logentry", "pk": 20, "fields": {"action_time": "2019-12-05T05:51:23.521Z", "user": 1, "content_type": 45, "object_id": "6", "object_repr": "ladies finger", "action_flag": 1, "change_message": "[{\"added\": {}}]"}}, {"model": "admin.logentry", "pk": 21, "fields": {"action_time": "2019-12-05T05:52:32.089Z", "user": 1, "content_type": 47, "object_id": "5", "object_repr": "Oil", "action_flag": 1, "change_message": "[{\"added\": {}}]"}}, {"model": "admin.logentry", "pk": 22, "fields": {"action_time": "2019-12-05T05:53:14.692Z", "user": 1, "content_type": 45, "object_id": "7", "object_repr": "O", "action_flag": 1, "change_message": "[{\"added\": {}}]"}}, {"model": "admin.logentry", "pk": 23, "fields": {"action_time": "2019-12-05T05:53:37.909Z", "user": 1, "content_type": 45, "object_id": "7", "object_repr": "Oil", "action_flag": 2, "change_message": "[{\"changed\": {\"fields\": [\"product_name\", \"is_approved\"]}}]"}}, {"model": "admin.logentry", "pk": 24, "fields": {"action_time": "2019-12-05T06:25:15.623Z", "user": 1, "content_type": 51, "object_id": "1", "object_repr": "Big Sale...On Grocery", "action_flag": 1, "change_message": "[{\"added\": {}}]"}}, {"model": "admin.logentry", "pk": 25, "fields": {"action_time": "2019-12-05T06:39:43.382Z", "user": 1, "content_type": 51, "object_id": "2", "object_repr": "Big Sale.", "action_flag": 1, "change_message": "[{\"added\": {}}]"}}, {"model": "admin.logentry", "pk": 26, "fields": {"action_time": "2019-12-05T06:41:35.760Z", "user": 1, "content_type": 52, "object_id": "1", "object_repr": "Miniket Rice", "action_flag": 1, "change_message": "[{\"added\": {}}]"}}, {"model": "admin.logentry", "pk": 27, "fields": {"action_time": "2019-12-05T06:50:27.137Z", "user": 1, "content_type": 52, "object_id": "2", "object_repr": "Dal", "action_flag": 1, "change_message": "[{\"added\": {}}]"}}, {"model": "admin.logentry", "pk": 28, "fields": {"action_time": "2019-12-08T05:25:48.245Z", "user": 1, "content_type": 6, "object_id": "2", "object_repr": "+88001670290963", "action_flag": 3, "change_message": ""}}, {"model": "admin.logentry", "pk": 29, "fields": {"action_time": "2019-12-08T05:35:56.591Z", "user": 1, "content_type": 6, "object_id": "5", "object_repr": "+8801670290963", "action_flag": 2, "change_message": "[{\"changed\": {\"fields\": [\"is_approved\"]}}]"}}, {"model": "admin.logentry", "pk": 30, "fields": {"action_time": "2019-12-08T05:43:16.586Z", "user": 1, "content_type": 48, "object_id": "5", "object_repr": "Electronics Shop", "action_flag": 1, "change_message": "[{\"added\": {}}]"}}, {"model": "admin.logentry", "pk": 31, "fields": {"action_time": "2019-12-08T06:20:33.747Z", "user": 1, "content_type": 6, "object_id": "6", "object_repr": "01685715196", "action_flag": 2, "change_message": "[{\"changed\": {\"fields\": [\"is_approved\"]}}]"}}, {"model": "admin.logentry", "pk": 32, "fields": {"action_time": "2019-12-08T09:04:44.919Z", "user": 1, "content_type": 30, "object_id": "1", "object_repr": "Potato", "action_flag": 1, "change_message": "[{\"added\": {}}]"}}, {"model": "admin.logentry", "pk": 33, "fields": {"action_time": "2019-12-08T09:08:54.641Z", "user": 1, "content_type": 30, "object_id": "2", "object_repr": "Spinach", "action_flag": 1, "change_message": "[{\"added\": {}}]"}}, {"model": "admin.logentry", "pk": 34, "fields": {"action_time": "2019-12-08T09:09:11.003Z", "user": 1, "content_type": 30, "object_id": "1", "object_repr": "Potato", "action_flag": 2, "change_message": "[{\"changed\": {\"fields\": [\"is_approved\"]}}]"}}, {"model": "admin.logentry", "pk": 35, "fields": {"action_time": "2019-12-08T09:13:20.123Z", "user": 1, "content_type": 46, "object_id": "3", "object_repr": "Vegetable", "action_flag": 2, "change_message": "[{\"changed\": {\"fields\": [\"img\"]}}]"}}, {"model": "admin.logentry", "pk": 36, "fields": {"action_time": "2019-12-08T09:13:33.217Z", "user": 1, "content_type": 46, "object_id": "2", "object_repr": "Meat", "action_flag": 2, "change_message": "[{\"changed\": {\"fields\": [\"img\"]}}]"}}, {"model": "admin.logentry", "pk": 37, "fields": {"action_time": "2019-12-09T06:55:38.792Z", "user": 1, "content_type": 45, "object_id": "6", "object_repr": "Dherosh", "action_flag": 2, "change_message": "[{\"changed\": {\"fields\": [\"product_name\", \"product_image\"]}}]"}}, {"model": "admin.logentry", "pk": 38, "fields": {"action_time": "2019-12-09T06:55:54.548Z", "user": 1, "content_type": 45, "object_id": "7", "object_repr": "Oil", "action_flag": 2, "change_message": "[{\"changed\": {\"fields\": [\"product_image\"]}}]"}}, {"model": "admin.logentry", "pk": 39, "fields": {"action_time": "2019-12-09T10:24:42.355Z", "user": 1, "content_type": 51, "object_id": "2", "object_repr": "Big Sale.", "action_flag": 2, "change_message": "[{\"changed\": {\"fields\": [\"offer_img\"]}}]"}}, {"model": "admin.logentry", "pk": 40, "fields": {"action_time": "2019-12-09T10:24:57.944Z", "user": 1, "content_type": 51, "object_id": "1", "object_repr": "Big Sale...On Grocery", "action_flag": 2, "change_message": "[{\"changed\": {\"fields\": [\"offer_img\"]}}]"}}, {"model": "admin.logentry", "pk": 41, "fields": {"action_time": "2019-12-10T05:19:10.181Z", "user": 1, "content_type": 20, "object_id": "1", "object_repr": "admin", "action_flag": 1, "change_message": "[{\"added\": {}}]"}}, {"model": "admin.logentry", "pk": 42, "fields": {"action_time": "2019-12-10T05:19:51.876Z", "user": 1, "content_type": 21, "object_id": "1", "object_repr": "Spinach", "action_flag": 1, "change_message": "[{\"added\": {}}]"}}, {"model": "admin.logentry", "pk": 43, "fields": {"action_time": "2019-12-10T05:20:29.311Z", "user": 1, "content_type": 21, "object_id": "2", "object_repr": "Potato", "action_flag": 1, "change_message": "[{\"added\": {}}]"}}, {"model": "admin.logentry", "pk": 44, "fields": {"action_time": "2019-12-11T19:03:30.936Z", "user": 1, "content_type": 45, "object_id": "8", "object_repr": "Rice bran oil", "action_flag": 1, "change_message": "[{\"added\": {}}]"}}, {"model": "admin.logentry", "pk": 45, "fields": {"action_time": "2019-12-22T04:23:34.575Z", "user": 1, "content_type": 6, "object_id": "10", "object_repr": "+88001790103057", "action_flag": 2, "change_message": "[{\"changed\": {\"fields\": [\"is_approved\"]}}]"}}, {"model": "admin.logentry", "pk": 46, "fields": {"action_time": "2019-12-22T04:26:43.964Z", "user": 1, "content_type": 30, "object_id": "3", "object_repr": "beej", "action_flag": 2, "change_message": "[{\"changed\": {\"fields\": [\"is_approved\"]}}]"}}, {"model": "admin.logentry", "pk": 47, "fields": {"action_time": "2019-12-22T04:50:57.020Z", "user": 1, "content_type": 30, "object_id": "3", "object_repr": "beej", "action_flag": 2, "change_message": "[{\"changed\": {\"fields\": [\"product_image\"]}}]"}}, {"model": "admin.logentry", "pk": 48, "fields": {"action_time": "2019-12-22T04:59:42.320Z", "user": 1, "content_type": 23, "object_id": "1", "object_repr": "Grocery", "action_flag": 1, "change_message": "[{\"added\": {}}]"}}, {"model": "admin.logentry", "pk": 49, "fields": {"action_time": "2019-12-22T04:59:54.596Z", "user": 1, "content_type": 23, "object_id": "2", "object_repr": "Fruits", "action_flag": 1, "change_message": "[{\"added\": {}}]"}}, {"model": "admin.logentry", "pk": 50, "fields": {"action_time": "2019-12-29T08:19:35.144Z", "user": 1, "content_type": 39, "object_id": "1", "object_repr": "SK Store", "action_flag": 1, "change_message": "[{\"added\": {}}]"}}, {"model": "admin.logentry", "pk": 51, "fields": {"action_time": "2019-12-29T08:49:38.941Z", "user": 1, "content_type": 39, "object_id": "1", "object_repr": "SK Store", "action_flag": 2, "change_message": "[]"}}, {"model": "admin.logentry", "pk": 52, "fields": {"action_time": "2019-12-29T08:51:46.354Z", "user": 1, "content_type": 39, "object_id": "1", "object_repr": "SK Store", "action_flag": 2, "change_message": "[]"}}, {"model": "admin.logentry", "pk": 53, "fields": {"action_time": "2019-12-29T09:50:19.316Z", "user": 1, "content_type": 39, "object_id": "2", "object_repr": "SK 2 store", "action_flag": 1, "change_message": "[{\"added\": {}}]"}}]